id,year,y_hat_low,y_hat_50,y_hat_upp,model
4,2022,4.523,4.931665,4.523,WPP
4,2023,3.984,4.840319,5.703,WPP
4,2024,3.827,4.760599,5.67,WPP
4,2025,3.676,4.659179,5.624,WPP
4,2026,3.544,4.562184,5.585,WPP
4,2027,3.388,4.484432,5.518,WPP
4,2028,3.257,4.40376,5.465,WPP
4,2029,3.108,4.302478,5.445,WPP
4,2030,3.006,4.223132,5.42,WPP
4,2031,2.905,4.147553,5.389,WPP
4,2032,2.768,4.072545,5.305,WPP
4,2033,2.65,4.001866,5.236,WPP
4,2034,2.572,3.949348,5.204,WPP
4,2035,2.479,3.88637,5.161,WPP
4,2036,2.38,3.824242,5.162,WPP
8,2023,1.128,1.34794,1.586,WPP
8,2024,1.07,1.340634,1.615,WPP
8,2025,1.024,1.329785,1.634,WPP
8,2026,0.986,1.322774,1.652,WPP
8,2027,0.969,1.321732,1.655,WPP
8,2028,0.944,1.321174,1.676,WPP
8,2029,0.909,1.322779,1.689,WPP
8,2030,0.906,1.324472,1.707,WPP
8,2031,0.885,1.328771,1.725,WPP
8,2032,0.883,1.333005,1.746,WPP
8,2033,0.858,1.338186,1.759,WPP
8,2034,0.84,1.341335,1.756,WPP
8,2035,0.87,1.346825,1.775,WPP
8,2036,0.84,1.351596,1.782,WPP
8,2037,0.855,1.354929,1.793,WPP
12,2021,2.889,2.869799,2.889,WPP
12,2022,2.829,2.817352,2.829,WPP
12,2023,2.384,2.766178,3.195,WPP
12,2024,2.283,2.722546,3.179,WPP
12,2025,2.197,2.670179,3.163,WPP
12,2026,2.091,2.622551,3.153,WPP
12,2027,2.014,2.57643,3.139,WPP
12,2028,1.955,2.533599,3.126,WPP
12,2029,1.904,2.493218,3.125,WPP
12,2030,1.846,2.454287,3.095,WPP
12,2031,1.794,2.414842,3.086,WPP
12,2032,1.725,2.377611,3.058,WPP
12,2033,1.662,2.344847,3.043,WPP
12,2034,1.651,2.316565,3.032,WPP
12,2035,1.61,2.285754,3.014,WPP
24,2015,5.774,5.77437,5.774,WPP
24,2016,5.686,5.685745,5.686,WPP
24,2017,5.6,5.600094,5.6,WPP
24,2018,5.519,5.518692,5.519,WPP
24,2019,5.442,5.442338,5.442,WPP
24,2020,5.371,5.371144,5.371,WPP
24,2021,5.304,5.304419,5.304,WPP
24,2022,5.209,5.20903,5.209,WPP
24,2023,3.864,5.123929,6.061,WPP
24,2024,3.713,5.047651,6.012,WPP
24,2025,3.577,4.953321,6.014,WPP
24,2026,3.436,4.888942,5.981,WPP
24,2027,3.283,4.807764,5.944,WPP
24,2028,3.133,4.739468,5.913,WPP
24,2029,3.007,4.664845,5.885,WPP
28,2021,1.58,1.579811,1.58,WPP
28,2022,1.58,1.580092,1.58,WPP
28,2023,1.303,1.578301,1.876,WPP
28,2024,1.25,1.582433,1.924,WPP
28,2025,1.217,1.57651,1.939,WPP
28,2026,1.183,1.569368,1.933,WPP
28,2027,1.149,1.568765,1.953,WPP
28,2028,1.142,1.565873,1.962,WPP
28,2029,1.126,1.565638,1.977,WPP
28,2030,1.092,1.563803,1.997,WPP
28,2031,1.083,1.562875,2.002,WPP
28,2032,1.087,1.562876,1.992,WPP
28,2033,1.051,1.562754,2.002,WPP
28,2034,1.056,1.561856,2.02,WPP
28,2035,1.047,1.561107,2.022,WPP
31,2023,1.457,1.670472,1.889,WPP
31,2024,1.423,1.667072,1.91,WPP
31,2025,1.392,1.664505,1.929,WPP
31,2026,1.371,1.661687,1.94,WPP
31,2027,1.347,1.660837,1.958,WPP
31,2028,1.32,1.658865,1.98,WPP
31,2029,1.307,1.657228,1.993,WPP
31,2030,1.283,1.654384,2.003,WPP
31,2031,1.274,1.650199,2.027,WPP
31,2032,1.264,1.649506,2.024,WPP
31,2033,1.244,1.648444,2.048,WPP
31,2034,1.224,1.648912,2.058,WPP
31,2035,1.218,1.648168,2.077,WPP
31,2036,1.216,1.646429,2.089,WPP
31,2037,1.187,1.644765,2.097,WPP
32,2023,1.372,1.5,1.634,WPP
32,2024,1.325,1.504284,1.669,WPP
32,2025,1.305,1.50465,1.701,WPP
32,2026,1.286,1.506871,1.73,WPP
32,2027,1.257,1.50786,1.746,WPP
32,2028,1.228,1.507483,1.771,WPP
32,2029,1.217,1.509462,1.795,WPP
32,2030,1.207,1.512495,1.815,WPP
32,2031,1.196,1.513918,1.831,WPP
32,2032,1.183,1.515829,1.843,WPP
32,2033,1.176,1.518212,1.856,WPP
32,2034,1.17,1.519442,1.874,WPP
32,2035,1.153,1.519547,1.881,WPP
32,2036,1.143,1.52144,1.884,WPP
32,2037,1.131,1.523979,1.894,WPP
36,2024,1.496,1.637934,1.794,WPP
36,2025,1.462,1.638754,1.821,WPP
36,2026,1.429,1.639372,1.837,WPP
36,2027,1.419,1.641568,1.868,WPP
36,2028,1.409,1.644058,1.887,WPP
36,2029,1.393,1.64318,1.896,WPP
36,2030,1.379,1.644365,1.91,WPP
36,2031,1.372,1.642519,1.925,WPP
36,2032,1.357,1.642134,1.941,WPP
36,2033,1.34,1.641389,1.945,WPP
36,2034,1.334,1.641344,1.959,WPP
36,2035,1.322,1.641833,1.972,WPP
36,2036,1.311,1.639901,1.986,WPP
36,2037,1.294,1.639338,1.991,WPP
36,2038,1.284,1.639568,1.997,WPP
40,2024,1.174,1.321363,1.473,WPP
40,2025,1.148,1.328821,1.512,WPP
40,2026,1.135,1.336117,1.548,WPP
40,2027,1.114,1.343542,1.58,WPP
40,2028,1.105,1.349776,1.612,WPP
40,2029,1.084,1.355414,1.636,WPP
40,2030,1.085,1.359054,1.643,WPP
40,2031,1.067,1.363622,1.654,WPP
40,2032,1.068,1.369953,1.679,WPP
40,2033,1.062,1.375728,1.692,WPP
40,2034,1.055,1.381478,1.719,WPP
40,2035,1.049,1.385313,1.733,WPP
40,2036,1.029,1.388963,1.745,WPP
40,2037,1.028,1.393854,1.762,WPP
40,2038,1.021,1.397966,1.761,WPP
44,2018,1.412,1.404364,1.412,WPP
44,2019,1.398,1.396841,1.398,WPP
44,2020,1.394,1.386405,1.394,WPP
44,2021,1.389,1.382191,1.389,WPP
44,2022,1.38,1.378575,1.38,WPP
44,2023,1.046,1.372804,1.751,WPP
44,2024,1.009,1.374329,1.779,WPP
44,2025,0.975,1.363801,1.79,WPP
44,2026,0.927,1.356766,1.786,WPP
44,2027,0.91,1.354665,1.807,WPP
44,2028,0.872,1.352044,1.815,WPP
44,2029,0.855,1.351768,1.814,WPP
44,2030,0.848,1.35454,1.823,WPP
44,2031,0.832,1.355489,1.841,WPP
44,2032,0.828,1.357396,1.838,WPP
48,2021,1.811,1.852069,1.811,WPP
48,2022,1.797,1.838664,1.797,WPP
48,2023,1.522,1.823536,2.13,WPP
48,2024,1.446,1.804507,2.167,WPP
48,2025,1.385,1.784199,2.176,WPP
48,2026,1.342,1.767927,2.181,WPP
48,2027,1.293,1.754405,2.191,WPP
48,2028,1.252,1.743824,2.211,WPP
48,2029,1.231,1.736988,2.226,WPP
48,2030,1.197,1.728463,2.229,WPP
48,2031,1.17,1.720107,2.216,WPP
48,2032,1.147,1.714986,2.231,WPP
48,2033,1.136,1.709119,2.231,WPP
48,2034,1.117,1.705392,2.247,WPP
48,2035,1.109,1.700855,2.24,WPP
50,2021,2.183,2.173186,2.183,WPP
50,2022,2.15,2.178636,2.15,WPP
50,2023,1.944,2.163033,2.384,WPP
50,2024,1.856,2.138384,2.428,WPP
50,2025,1.776,2.114252,2.46,WPP
50,2026,1.71,2.089936,2.487,WPP
50,2027,1.659,2.068295,2.523,WPP
50,2028,1.605,2.048454,2.54,WPP
50,2029,1.557,2.030535,2.569,WPP
50,2030,1.508,2.012949,2.527,WPP
50,2031,1.465,1.995851,2.519,WPP
50,2032,1.44,1.981174,2.519,WPP
50,2033,1.439,1.964635,2.523,WPP
50,2034,1.41,1.949396,2.525,WPP
50,2035,1.397,1.934767,2.503,WPP
51,2022,1.575,1.719447,1.575,WPP
51,2023,1.441,1.713989,2.002,WPP
51,2024,1.435,1.716183,2.013,WPP
51,2025,1.425,1.713472,2.016,WPP
51,2026,1.399,1.711693,2.048,WPP
51,2027,1.387,1.710173,2.048,WPP
51,2028,1.383,1.707786,2.054,WPP
51,2029,1.377,1.707467,2.066,WPP
51,2030,1.349,1.707197,2.071,WPP
51,2031,1.344,1.705647,2.083,WPP
51,2032,1.329,1.704535,2.094,WPP
51,2033,1.317,1.703817,2.104,WPP
51,2034,1.309,1.703285,2.116,WPP
51,2035,1.3,1.700793,2.121,WPP
51,2036,1.293,1.70103,2.114,WPP
52,2013,1.63,1.729313,1.63,WPP
52,2014,1.62,1.72693,1.62,WPP
52,2015,1.614,1.725554,1.614,WPP
52,2016,1.613,1.724466,1.613,WPP
52,2017,1.615,1.723805,1.615,WPP
52,2018,1.619,1.720163,1.619,WPP
52,2019,1.623,1.715361,1.623,WPP
52,2020,1.628,1.707736,1.628,WPP
52,2021,1.633,1.709433,1.633,WPP
52,2022,1.634,1.711896,1.634,WPP
52,2023,1.406,1.708085,2.049,WPP
52,2024,1.394,1.707538,2.055,WPP
52,2025,1.378,1.704698,2.048,WPP
52,2026,1.357,1.704893,2.053,WPP
52,2027,1.353,1.700381,2.063,WPP
56,2024,1.23,1.383035,1.528,WPP
56,2025,1.213,1.390417,1.573,WPP
56,2026,1.188,1.396717,1.602,WPP
56,2027,1.168,1.401586,1.633,WPP
56,2028,1.169,1.40693,1.644,WPP
56,2029,1.15,1.414486,1.67,WPP
56,2030,1.128,1.419085,1.691,WPP
56,2031,1.125,1.424921,1.721,WPP
56,2032,1.115,1.429071,1.741,WPP
56,2033,1.095,1.433311,1.742,WPP
56,2034,1.095,1.437287,1.771,WPP
56,2035,1.073,1.440706,1.791,WPP
56,2036,1.07,1.4441,1.803,WPP
56,2037,1.063,1.447689,1.816,WPP
56,2038,1.066,1.45304,1.827,WPP
64,2022,1.398,1.477644,1.398,WPP
64,2023,1.262,1.462478,1.662,WPP
64,2024,1.19,1.449291,1.707,WPP
64,2025,1.136,1.436391,1.743,WPP
64,2026,1.076,1.427196,1.747,WPP
64,2027,1.037,1.421462,1.774,WPP
64,2028,1.002,1.417316,1.799,WPP
64,2029,0.972,1.416571,1.801,WPP
64,2030,0.962,1.415484,1.806,WPP
64,2031,0.949,1.416406,1.82,WPP
64,2032,0.933,1.41742,1.825,WPP
64,2033,0.924,1.419267,1.852,WPP
64,2034,0.91,1.420902,1.846,WPP
64,2035,0.903,1.422451,1.86,WPP
64,2036,0.897,1.425509,1.867,WPP
68,2016,2.829,2.829083,2.829,WPP
68,2017,2.777,2.776956,2.777,WPP
68,2018,2.73,2.730033,2.73,WPP
68,2019,2.688,2.68821,2.688,WPP
68,2020,2.651,2.651051,2.651,WPP
68,2021,2.618,2.617793,2.618,WPP
68,2022,2.584,2.583869,2.584,WPP
68,2023,1.893,2.547019,3.24,WPP
68,2024,1.837,2.523051,3.246,WPP
68,2025,1.8,2.497317,3.249,WPP
68,2026,1.74,2.469346,3.253,WPP
68,2027,1.72,2.446345,3.249,WPP
68,2028,1.673,2.420965,3.242,WPP
68,2029,1.652,2.3989,3.222,WPP
68,2030,1.614,2.377479,3.218,WPP
70,2021,1.49,1.490295,1.49,WPP
70,2022,1.481,1.481467,1.481,WPP
70,2023,1.264,1.485519,1.722,WPP
70,2024,1.241,1.491939,1.745,WPP
70,2025,1.228,1.498257,1.758,WPP
70,2026,1.223,1.502072,1.772,WPP
70,2027,1.213,1.505791,1.781,WPP
70,2028,1.187,1.509314,1.809,WPP
70,2029,1.19,1.512943,1.834,WPP
70,2030,1.179,1.516862,1.839,WPP
70,2031,1.18,1.522065,1.862,WPP
70,2032,1.167,1.523406,1.878,WPP
70,2033,1.178,1.528226,1.89,WPP
70,2034,1.164,1.530252,1.903,WPP
70,2035,1.146,1.533185,1.922,WPP
72,2022,2.754,2.784767,2.754,WPP
72,2023,2.264,2.731625,3.235,WPP
72,2024,2.191,2.703195,3.24,WPP
72,2025,2.126,2.664413,3.23,WPP
72,2026,2.04,2.628062,3.231,WPP
72,2027,1.998,2.591367,3.21,WPP
72,2028,1.933,2.558695,3.216,WPP
72,2029,1.888,2.523875,3.209,WPP
72,2030,1.832,2.491366,3.207,WPP
72,2031,1.791,2.461755,3.231,WPP
72,2032,1.78,2.435257,3.199,WPP
72,2033,1.733,2.404987,3.206,WPP
72,2034,1.693,2.377363,3.204,WPP
72,2035,1.657,2.350865,3.19,WPP
72,2036,1.602,2.323661,3.158,WPP
76,2023,1.44,1.619116,1.828,WPP
76,2024,1.364,1.614289,1.871,WPP
76,2025,1.313,1.600115,1.889,WPP
76,2026,1.264,1.590835,1.905,WPP
76,2027,1.22,1.584345,1.921,WPP
76,2028,1.183,1.579421,1.942,WPP
76,2029,1.152,1.577776,1.95,WPP
76,2030,1.131,1.575897,1.945,WPP
76,2031,1.095,1.573949,1.955,WPP
76,2032,1.093,1.570786,1.967,WPP
76,2033,1.065,1.570375,1.982,WPP
76,2034,1.07,1.569987,1.997,WPP
76,2035,1.05,1.56896,2.018,WPP
76,2036,1.056,1.568412,2.026,WPP
76,2037,1.039,1.569707,2.029,WPP
84,2023,1.813,2.007203,2.22,WPP
84,2024,1.755,2.020967,2.298,WPP
84,2025,1.687,2.008734,2.337,WPP
84,2026,1.631,1.992185,2.359,WPP
84,2027,1.575,1.976433,2.389,WPP
84,2028,1.528,1.961356,2.4,WPP
84,2029,1.485,1.944476,2.42,WPP
84,2030,1.452,1.931343,2.403,WPP
84,2031,1.417,1.919327,2.416,WPP
84,2032,1.4,1.908617,2.419,WPP
84,2033,1.374,1.895789,2.41,WPP
84,2034,1.336,1.88718,2.412,WPP
84,2035,1.305,1.875218,2.432,WPP
84,2036,1.28,1.862858,2.439,WPP
84,2037,1.255,1.855125,2.436,WPP
90,2021,3.694,3.693757,3.694,WPP
90,2022,3.62,3.619693,3.62,WPP
90,2023,3.049,3.557332,4.144,WPP
90,2024,2.929,3.512722,4.166,WPP
90,2025,2.801,3.465417,4.173,WPP
90,2026,2.694,3.419465,4.181,WPP
90,2027,2.595,3.369715,4.152,WPP
90,2028,2.541,3.324204,4.145,WPP
90,2029,2.484,3.27947,4.127,WPP
90,2030,2.409,3.241903,4.103,WPP
90,2031,2.346,3.199791,4.084,WPP
90,2032,2.301,3.161916,4.08,WPP
90,2033,2.221,3.118863,4.057,WPP
90,2034,2.154,3.079416,4.021,WPP
90,2035,2.124,3.04053,4.018,WPP
96,2022,1.764,1.764417,1.764,WPP
96,2023,1.478,1.747019,2.01,WPP
96,2024,1.389,1.731116,2.062,WPP
96,2025,1.33,1.710232,2.056,WPP
96,2026,1.279,1.695447,2.075,WPP
96,2027,1.239,1.683999,2.082,WPP
96,2028,1.198,1.675567,2.081,WPP
96,2029,1.159,1.66596,2.084,WPP
96,2030,1.119,1.657514,2.099,WPP
96,2031,1.099,1.65217,2.113,WPP
96,2032,1.07,1.649644,2.135,WPP
96,2033,1.047,1.648396,2.138,WPP
96,2034,1.027,1.64407,2.129,WPP
96,2035,1.02,1.641692,2.141,WPP
96,2036,1.014,1.639023,2.149,WPP
100,2024,1.601,1.745046,1.894,WPP
100,2025,1.566,1.743131,1.924,WPP
100,2026,1.541,1.741304,1.938,WPP
100,2027,1.515,1.737782,1.954,WPP
100,2028,1.498,1.737225,1.978,WPP
100,2029,1.483,1.733986,1.998,WPP
100,2030,1.459,1.731944,2.013,WPP
100,2031,1.444,1.729442,2.024,WPP
100,2032,1.436,1.72958,2.034,WPP
100,2033,1.422,1.72728,2.058,WPP
100,2034,1.417,1.726794,2.067,WPP
100,2035,1.407,1.724534,2.084,WPP
100,2036,1.394,1.721068,2.079,WPP
100,2037,1.373,1.718132,2.07,WPP
100,2038,1.37,1.713867,2.069,WPP
104,2017,2.234,2.252496,2.234,WPP
104,2018,2.213,2.227943,2.213,WPP
104,2019,2.2,2.205988,2.2,WPP
104,2020,2.174,2.178709,2.174,WPP
104,2021,2.151,2.157744,2.151,WPP
104,2022,2.127,2.130985,2.127,WPP
104,2023,1.632,2.115233,2.619,WPP
104,2024,1.568,2.09773,2.633,WPP
104,2025,1.534,2.076084,2.613,WPP
104,2026,1.5,2.059931,2.619,WPP
104,2027,1.473,2.042185,2.619,WPP
104,2028,1.433,2.023942,2.656,WPP
104,2029,1.396,2.011326,2.66,WPP
104,2030,1.371,1.997184,2.637,WPP
104,2031,1.345,1.984884,2.646,WPP
108,2016,5.587,5.586523,5.587,WPP
108,2017,5.481,5.481355,5.481,WPP
108,2018,5.38,5.379986,5.38,WPP
108,2019,5.271,5.271263,5.271,WPP
108,2020,5.177,5.176555,5.177,WPP
108,2021,5.078,5.077895,5.078,WPP
108,2022,4.98,4.980286,4.98,WPP
108,2023,3.666,4.878397,5.979,WPP
108,2024,3.483,4.789438,5.917,WPP
108,2025,3.28,4.675424,5.848,WPP
108,2026,3.116,4.565936,5.833,WPP
108,2027,2.944,4.462596,5.778,WPP
108,2028,2.752,4.371904,5.736,WPP
108,2029,2.6,4.278363,5.671,WPP
108,2030,2.479,4.196185,5.592,WPP
112,2021,1.371,1.370554,1.371,WPP
112,2022,1.326,1.326413,1.326,WPP
112,2023,0.976,1.207569,1.428,WPP
112,2024,0.962,1.217015,1.456,WPP
112,2025,0.963,1.224696,1.484,WPP
112,2026,0.945,1.234482,1.499,WPP
112,2027,0.941,1.240428,1.529,WPP
112,2028,0.924,1.249111,1.56,WPP
112,2029,0.919,1.254087,1.582,WPP
112,2030,0.912,1.262618,1.602,WPP
112,2031,0.91,1.272247,1.623,WPP
112,2032,0.91,1.278245,1.628,WPP
112,2033,0.905,1.28442,1.656,WPP
112,2034,0.902,1.29366,1.664,WPP
112,2035,0.9,1.3003,1.692,WPP
116,2022,2.322,2.616207,2.322,WPP
116,2023,2.169,2.579364,3.003,WPP
116,2024,2.115,2.548418,3.006,WPP
116,2025,2.046,2.513848,3.02,WPP
116,2026,1.986,2.48703,3.047,WPP
116,2027,1.92,2.460074,3.066,WPP
116,2028,1.861,2.432732,3.068,WPP
116,2029,1.808,2.406267,3.086,WPP
116,2030,1.774,2.380646,3.109,WPP
116,2031,1.72,2.355378,3.124,WPP
116,2032,1.675,2.330293,3.071,WPP
116,2033,1.655,2.307995,3.09,WPP
116,2034,1.614,2.286271,3.067,WPP
116,2035,1.586,2.26427,3.033,WPP
116,2036,1.559,2.242235,3.048,WPP
120,2022,4.383,4.397023,4.383,WPP
120,2023,3.911,4.321994,4.727,WPP
120,2024,3.76,4.261136,4.771,WPP
120,2025,3.596,4.185303,4.779,WPP
120,2026,3.423,4.11745,4.777,WPP
120,2027,3.245,4.052313,4.795,WPP
120,2028,3.103,4.001063,4.818,WPP
120,2029,2.989,3.932429,4.782,WPP
120,2030,2.835,3.876149,4.732,WPP
120,2031,2.726,3.81085,4.735,WPP
120,2032,2.607,3.757482,4.709,WPP
120,2033,2.501,3.697924,4.698,WPP
120,2034,2.409,3.649427,4.69,WPP
120,2035,2.344,3.582786,4.666,WPP
120,2036,2.252,3.545039,4.643,WPP
124,2024,1.155,1.343104,1.535,WPP
124,2025,1.088,1.332437,1.564,WPP
124,2026,1.039,1.325879,1.591,WPP
124,2027,0.997,1.321039,1.609,WPP
124,2028,0.957,1.322994,1.628,WPP
124,2029,0.928,1.322374,1.639,WPP
124,2030,0.898,1.324957,1.652,WPP
124,2031,0.881,1.327242,1.68,WPP
124,2032,0.867,1.331317,1.684,WPP
124,2033,0.858,1.333868,1.714,WPP
124,2034,0.862,1.336216,1.722,WPP
124,2035,0.848,1.341659,1.742,WPP
124,2036,0.858,1.346158,1.743,WPP
124,2037,0.849,1.349063,1.764,WPP
124,2038,0.851,1.351889,1.771,WPP
132,2021,1.896,1.55403,1.896,WPP
132,2022,1.879,1.533431,1.879,WPP
132,2023,1.257,1.521917,1.789,WPP
132,2024,1.194,1.511314,1.835,WPP
132,2025,1.137,1.495724,1.835,WPP
132,2026,1.092,1.48635,1.847,WPP
132,2027,1.046,1.47978,1.865,WPP
132,2028,1.022,1.47442,1.87,WPP
132,2029,1.001,1.471399,1.886,WPP
132,2030,0.978,1.469607,1.892,WPP
132,2031,0.977,1.468413,1.908,WPP
132,2032,0.964,1.470522,1.908,WPP
132,2033,0.96,1.470492,1.921,WPP
132,2034,0.936,1.473162,1.932,WPP
132,2035,0.937,1.471822,1.929,WPP
140,2021,5.978,6.052196,5.978,WPP
140,2022,5.918,6.022907,5.918,WPP
140,2023,4.598,6.011735,6.776,WPP
140,2024,4.389,5.953658,6.048,WPP
140,2025,4.187,5.809206,6.031,WPP
140,2026,3.986,5.686826,6.024,WPP
140,2027,3.785,5.577437,6.016,WPP
140,2028,3.583,5.472496,6.013,WPP
140,2029,3.44,5.360636,6.004,WPP
140,2030,3.297,5.252773,5.99,WPP
140,2031,3.174,5.140899,5.989,WPP
140,2032,3.051,5.03889,5.983,WPP
140,2033,2.908,4.906861,5.962,WPP
140,2034,2.789,4.783408,5.962,WPP
140,2035,2.679,4.6716,5.942,WPP
148,2021,6.255,6.254855,6.255,WPP
148,2022,6.215,6.215226,6.215,WPP
148,2023,4.479,6.120311,7.104,WPP
148,2024,4.314,6.028091,7.106,WPP
148,2025,4.156,5.937714,7.108,WPP
148,2026,3.962,5.835213,7.097,WPP
148,2027,3.822,5.741919,7.122,WPP
148,2028,3.639,5.628719,7.117,WPP
148,2029,3.481,5.540754,7.124,WPP
148,2030,3.329,5.439212,7.097,WPP
148,2031,3.222,5.355916,7.091,WPP
148,2032,3.054,5.246051,7.093,WPP
148,2033,2.886,5.151919,7.085,WPP
148,2034,2.81,5.05897,7.061,WPP
148,2035,2.702,4.97216,7.079,WPP
152,2024,0.913,1.139635,1.38,WPP
152,2025,0.845,1.12671,1.401,WPP
152,2026,0.8,1.120735,1.428,WPP
152,2027,0.751,1.119537,1.437,WPP
152,2028,0.725,1.120817,1.462,WPP
152,2029,0.697,1.12472,1.491,WPP
152,2030,0.682,1.128218,1.499,WPP
152,2031,0.671,1.1342,1.525,WPP
152,2032,0.665,1.140863,1.539,WPP
152,2033,0.636,1.145083,1.567,WPP
152,2034,0.648,1.152239,1.57,WPP
152,2035,0.633,1.159447,1.593,WPP
152,2036,0.634,1.166129,1.598,WPP
152,2037,0.648,1.170688,1.624,WPP
152,2038,0.657,1.177441,1.641,WPP
156,2021,1.117,1.11744,1.117,WPP
156,2022,1.034,1.034399,1.034,WPP
156,2023,0.781,0.999488,1.216,WPP
156,2024,0.776,1.012982,1.248,WPP
156,2025,0.76,1.020907,1.277,WPP
156,2026,0.752,1.030813,1.306,WPP
156,2027,0.747,1.037782,1.335,WPP
156,2028,0.747,1.045883,1.357,WPP
156,2029,0.731,1.051865,1.371,WPP
156,2030,0.726,1.06119,1.4,WPP
156,2031,0.714,1.068239,1.433,WPP
156,2032,0.704,1.076551,1.447,WPP
156,2033,0.691,1.082129,1.465,WPP
156,2034,0.687,1.088992,1.482,WPP
156,2035,0.687,1.09691,1.49,WPP
158,2024,0.642,0.862629,1.077,WPP
158,2025,0.597,0.860386,1.105,WPP
158,2026,0.568,0.860935,1.14,WPP
158,2027,0.547,0.865476,1.171,WPP
158,2028,0.547,0.875381,1.199,WPP
158,2029,0.543,0.883952,1.222,WPP
158,2030,0.547,0.891668,1.243,WPP
158,2031,0.548,0.900531,1.26,WPP
158,2032,0.547,0.911073,1.286,WPP
158,2033,0.559,0.923992,1.319,WPP
158,2034,0.566,0.932832,1.338,WPP
158,2035,0.576,0.941746,1.352,WPP
158,2036,0.573,0.95392,1.383,WPP
158,2037,0.568,0.964851,1.38,WPP
158,2038,0.574,0.974283,1.409,WPP
170,2023,1.346,1.645226,1.969,WPP
170,2024,1.286,1.633893,1.998,WPP
170,2025,1.248,1.618096,2.036,WPP
170,2026,1.193,1.604788,2.024,WPP
170,2027,1.139,1.595365,2.026,WPP
170,2028,1.107,1.590121,2.024,WPP
170,2029,1.08,1.585473,2.041,WPP
170,2030,1.068,1.581045,2.04,WPP
170,2031,1.056,1.577597,2.044,WPP
170,2032,1.04,1.574889,2.043,WPP
170,2033,1.014,1.573933,2.053,WPP
170,2034,1.022,1.572821,2.062,WPP
170,2035,0.998,1.569945,2.061,WPP
170,2036,0.989,1.571502,2.052,WPP
170,2037,1.001,1.571459,2.062,WPP
174,2018,4.196,4.208243,4.196,WPP
174,2019,4.125,4.137613,4.125,WPP
174,2020,4.052,4.071403,4.052,WPP
174,2021,3.978,3.998946,3.978,WPP
174,2022,3.912,3.934598,3.912,WPP
174,2023,3.248,3.877906,4.554,WPP
174,2024,3.142,3.821688,4.532,WPP
174,2025,3.012,3.762756,4.515,WPP
174,2026,2.882,3.706103,4.55,WPP
174,2027,2.809,3.652356,4.539,WPP
174,2028,2.73,3.601957,4.535,WPP
174,2029,2.664,3.548776,4.524,WPP
174,2030,2.555,3.496446,4.492,WPP
174,2031,2.514,3.444335,4.458,WPP
174,2032,2.454,3.398158,4.47,WPP
175,2023,4.408,4.616273,4.834,WPP
175,2024,4.224,4.562004,4.904,WPP
175,2025,4.041,4.497135,4.935,WPP
175,2026,3.883,4.431473,4.945,WPP
175,2027,3.731,4.364488,4.939,WPP
175,2028,3.627,4.302025,4.917,WPP
175,2029,3.504,4.235814,4.907,WPP
175,2030,3.397,4.185315,4.927,WPP
175,2031,3.314,4.123063,4.906,WPP
175,2032,3.23,4.065245,4.919,WPP
175,2033,3.142,4.010602,4.894,WPP
175,2034,3.074,3.957325,4.882,WPP
175,2035,3.0,3.9063,4.869,WPP
175,2036,2.917,3.853919,4.854,WPP
175,2037,2.832,3.806874,4.832,WPP
178,2015,4.564,4.607278,4.564,WPP
178,2016,4.487,4.545916,4.487,WPP
178,2017,4.433,4.495629,4.433,WPP
178,2018,4.367,4.441735,4.367,WPP
178,2019,4.296,4.379788,4.296,WPP
178,2020,4.234,4.329463,4.234,WPP
178,2021,4.171,4.280204,4.171,WPP
178,2022,4.095,4.215114,4.095,WPP
178,2023,3.209,4.156721,5.038,WPP
178,2024,3.111,4.109147,5.03,WPP
178,2025,3.033,4.047846,5.022,WPP
178,2026,2.95,3.987882,5.05,WPP
178,2027,2.831,3.929606,5.02,WPP
178,2028,2.765,3.87477,5.01,WPP
178,2029,2.714,3.826731,4.971,WPP
180,2017,6.349,6.348523,6.349,WPP
180,2018,6.302,6.301792,6.302,WPP
180,2019,6.253,6.252521,6.253,WPP
180,2020,6.206,6.205678,6.206,WPP
180,2021,6.156,6.156416,6.156,WPP
180,2022,6.106,6.106073,6.106,WPP
180,2023,4.755,6.050538,6.693,WPP
180,2024,4.552,5.980986,6.583,WPP
180,2025,4.375,5.902437,6.542,WPP
180,2026,4.169,5.801326,6.539,WPP
180,2027,3.938,5.706164,6.529,WPP
180,2028,3.752,5.619586,6.521,WPP
180,2029,3.622,5.515389,6.506,WPP
180,2030,3.467,5.418847,6.503,WPP
180,2031,3.29,5.317603,6.502,WPP
188,2023,1.148,1.33,1.517,WPP
188,2024,1.083,1.318462,1.566,WPP
188,2025,1.031,1.309887,1.581,WPP
188,2026,0.986,1.306749,1.599,WPP
188,2027,0.963,1.305859,1.62,WPP
188,2028,0.932,1.304112,1.636,WPP
188,2029,0.911,1.306047,1.653,WPP
188,2030,0.893,1.307725,1.668,WPP
188,2031,0.862,1.312301,1.69,WPP
188,2032,0.858,1.317656,1.713,WPP
188,2033,0.853,1.322419,1.726,WPP
188,2034,0.849,1.324874,1.736,WPP
188,2035,0.839,1.328078,1.751,WPP
188,2036,0.844,1.333105,1.762,WPP
188,2037,0.844,1.338135,1.78,WPP
191,2024,1.249,1.471764,1.699,WPP
191,2025,1.228,1.473559,1.719,WPP
191,2026,1.208,1.471954,1.735,WPP
191,2027,1.183,1.474571,1.761,WPP
191,2028,1.164,1.474739,1.777,WPP
191,2029,1.151,1.478632,1.805,WPP
191,2030,1.136,1.481075,1.82,WPP
191,2031,1.127,1.484297,1.827,WPP
191,2032,1.119,1.485481,1.852,WPP
191,2033,1.104,1.484836,1.855,WPP
191,2034,1.106,1.488518,1.859,WPP
191,2035,1.096,1.493088,1.876,WPP
191,2036,1.09,1.494577,1.885,WPP
191,2037,1.073,1.496002,1.895,WPP
191,2038,1.073,1.499398,1.889,WPP
192,2022,1.412,1.412252,1.412,WPP
192,2023,1.287,1.439255,1.596,WPP
192,2024,1.266,1.445364,1.631,WPP
192,2025,1.241,1.451105,1.662,WPP
192,2026,1.226,1.454658,1.683,WPP
192,2027,1.204,1.457715,1.707,WPP
192,2028,1.196,1.462222,1.737,WPP
192,2029,1.181,1.464614,1.742,WPP
192,2030,1.17,1.467534,1.762,WPP
192,2031,1.157,1.470806,1.787,WPP
192,2032,1.148,1.475,1.79,WPP
192,2033,1.153,1.477666,1.807,WPP
192,2034,1.133,1.481567,1.827,WPP
192,2035,1.132,1.485653,1.835,WPP
192,2036,1.132,1.48718,1.859,WPP
196,2024,1.141,1.379933,1.639,WPP
196,2025,1.086,1.368949,1.659,WPP
196,2026,1.032,1.36631,1.687,WPP
196,2027,0.996,1.364065,1.696,WPP
196,2028,0.969,1.361798,1.721,WPP
196,2029,0.939,1.362458,1.732,WPP
196,2030,0.919,1.365172,1.746,WPP
196,2031,0.892,1.366521,1.755,WPP
196,2032,0.884,1.368905,1.758,WPP
196,2033,0.864,1.372153,1.771,WPP
196,2034,0.845,1.373669,1.776,WPP
196,2035,0.881,1.37533,1.798,WPP
196,2036,0.881,1.378172,1.8,WPP
196,2037,0.873,1.382223,1.823,WPP
196,2038,0.872,1.384152,1.833,WPP
203,2024,1.308,1.456471,1.602,WPP
203,2025,1.282,1.46525,1.642,WPP
203,2026,1.266,1.473734,1.678,WPP
203,2027,1.256,1.481417,1.7,WPP
203,2028,1.241,1.486684,1.729,WPP
203,2029,1.218,1.492611,1.747,WPP
203,2030,1.203,1.49838,1.766,WPP
203,2031,1.197,1.505095,1.787,WPP
203,2032,1.191,1.510466,1.801,WPP
203,2033,1.19,1.516753,1.808,WPP
203,2034,1.182,1.52028,1.818,WPP
203,2035,1.184,1.52433,1.841,WPP
203,2036,1.178,1.530897,1.861,WPP
203,2037,1.164,1.536773,1.866,WPP
203,2038,1.161,1.539192,1.875,WPP
204,2021,4.973,4.706689,4.973,WPP
204,2022,4.895,4.633719,4.895,WPP
204,2023,3.855,4.556386,5.173,WPP
204,2024,3.721,4.479608,5.168,WPP
204,2025,3.531,4.416397,5.175,WPP
204,2026,3.376,4.339423,5.164,WPP
204,2027,3.236,4.270685,5.148,WPP
204,2028,3.105,4.185727,5.1,WPP
204,2029,2.932,4.124762,5.078,WPP
204,2030,2.783,4.051537,5.058,WPP
204,2031,2.706,3.983139,5.018,WPP
204,2032,2.567,3.904219,5.021,WPP
204,2033,2.47,3.852854,5.006,WPP
204,2034,2.363,3.794075,5.017,WPP
204,2035,2.283,3.744543,4.989,WPP
208,2024,1.37,1.517183,1.671,WPP
208,2025,1.343,1.520551,1.702,WPP
208,2026,1.324,1.523573,1.728,WPP
208,2027,1.305,1.527194,1.745,WPP
208,2028,1.287,1.531006,1.764,WPP
208,2029,1.263,1.532991,1.792,WPP
208,2030,1.246,1.53653,1.814,WPP
208,2031,1.237,1.538501,1.836,WPP
208,2032,1.219,1.540722,1.86,WPP
208,2033,1.21,1.542334,1.855,WPP
208,2034,1.197,1.544975,1.884,WPP
208,2035,1.192,1.547432,1.904,WPP
208,2036,1.189,1.550041,1.914,WPP
208,2037,1.184,1.551545,1.914,WPP
208,2038,1.166,1.55358,1.92,WPP
214,2023,1.86,2.242878,2.646,WPP
214,2024,1.796,2.22238,2.671,WPP
214,2025,1.738,2.19461,2.679,WPP
214,2026,1.677,2.170009,2.711,WPP
214,2027,1.628,2.148655,2.711,WPP
214,2028,1.564,2.12618,2.694,WPP
214,2029,1.521,2.105356,2.696,WPP
214,2030,1.471,2.084173,2.709,WPP
214,2031,1.433,2.065816,2.697,WPP
214,2032,1.443,2.046009,2.679,WPP
214,2033,1.391,2.028664,2.684,WPP
214,2034,1.391,2.015351,2.699,WPP
214,2035,1.369,2.00236,2.696,WPP
214,2036,1.344,1.988421,2.7,WPP
214,2037,1.321,1.975829,2.689,WPP
218,2022,1.861,1.86127,1.861,WPP
218,2023,1.509,1.822762,2.164,WPP
218,2024,1.438,1.805945,2.202,WPP
218,2025,1.368,1.791641,2.218,WPP
218,2026,1.334,1.780784,2.225,WPP
218,2027,1.294,1.771001,2.255,WPP
218,2028,1.262,1.76319,2.262,WPP
218,2029,1.22,1.754387,2.275,WPP
218,2030,1.195,1.747973,2.284,WPP
218,2031,1.165,1.741223,2.279,WPP
218,2032,1.149,1.733975,2.269,WPP
218,2033,1.145,1.729082,2.26,WPP
218,2034,1.145,1.722906,2.278,WPP
218,2035,1.156,1.718533,2.264,WPP
218,2036,1.13,1.714932,2.281,WPP
222,2021,1.803,1.803108,1.803,WPP
222,2022,1.785,1.784819,1.785,WPP
222,2023,1.335,1.775117,2.251,WPP
222,2024,1.304,1.767889,2.278,WPP
222,2025,1.259,1.753057,2.272,WPP
222,2026,1.219,1.740428,2.291,WPP
222,2027,1.194,1.730914,2.295,WPP
222,2028,1.162,1.722427,2.304,WPP
222,2029,1.151,1.715381,2.297,WPP
222,2030,1.138,1.707128,2.291,WPP
222,2031,1.122,1.700892,2.289,WPP
222,2032,1.102,1.696344,2.295,WPP
222,2033,1.09,1.691841,2.287,WPP
222,2034,1.091,1.68811,2.28,WPP
222,2035,1.054,1.684442,2.26,WPP
226,2016,4.686,4.686163,4.686,WPP
226,2017,4.599,4.598916,4.599,WPP
226,2018,4.513,4.512893,4.513,WPP
226,2019,4.429,4.428573,4.429,WPP
226,2020,4.346,4.34626,4.346,WPP
226,2021,4.266,4.266016,4.266,WPP
226,2022,4.17,4.169645,4.17,WPP
226,2023,2.672,4.081251,5.778,WPP
226,2024,2.53,4.115615,5.8,WPP
226,2025,2.398,4.036978,5.793,WPP
226,2026,2.299,3.954667,5.769,WPP
226,2027,2.183,3.873674,5.75,WPP
226,2028,2.116,3.798202,5.74,WPP
226,2029,2.062,3.72389,5.725,WPP
226,2030,1.99,3.653227,5.699,WPP
231,2018,4.343,4.370934,4.343,WPP
231,2019,4.323,4.347272,4.323,WPP
231,2020,4.243,4.274463,4.243,WPP
231,2021,4.159,4.176668,4.159,WPP
231,2022,4.063,4.081789,4.063,WPP
231,2023,3.278,3.988521,4.716,WPP
231,2024,3.112,3.909364,4.681,WPP
231,2025,2.977,3.805859,4.684,WPP
231,2026,2.839,3.723081,4.636,WPP
231,2027,2.738,3.643733,4.623,WPP
231,2028,2.594,3.567407,4.591,WPP
231,2029,2.481,3.497606,4.593,WPP
231,2030,2.386,3.429717,4.547,WPP
231,2031,2.307,3.364489,4.497,WPP
231,2032,2.246,3.302628,4.452,WPP
232,2009,4.656,4.655812,4.656,WPP
232,2010,4.571,4.570792,4.571,WPP
232,2011,4.486,4.48629,4.486,WPP
232,2012,4.407,4.406874,4.407,WPP
232,2013,4.335,4.335496,4.335,WPP
232,2014,4.273,4.272556,4.273,WPP
232,2015,4.217,4.216542,4.217,WPP
232,2016,4.164,4.164355,4.164,WPP
232,2017,4.112,4.111972,4.112,WPP
232,2018,4.056,4.056435,4.056,WPP
232,2019,3.997,3.996857,3.997,WPP
232,2020,3.933,3.933407,3.933,WPP
232,2021,3.867,3.867382,3.867,WPP
232,2022,3.786,3.785765,3.786,WPP
232,2023,2.666,3.7135,4.951,WPP
233,2024,1.222,1.36266,1.512,WPP
233,2025,1.196,1.374829,1.554,WPP
233,2026,1.175,1.384319,1.594,WPP
233,2027,1.153,1.392453,1.634,WPP
233,2028,1.152,1.402295,1.658,WPP
233,2029,1.133,1.411677,1.682,WPP
233,2030,1.126,1.420956,1.697,WPP
233,2031,1.121,1.427421,1.714,WPP
233,2032,1.098,1.431155,1.734,WPP
233,2033,1.086,1.439221,1.768,WPP
233,2034,1.085,1.443593,1.779,WPP
233,2035,1.063,1.448584,1.799,WPP
233,2036,1.078,1.455027,1.789,WPP
233,2037,1.061,1.462262,1.812,WPP
233,2038,1.072,1.465039,1.828,WPP
242,2021,2.475,2.331745,2.475,WPP
242,2022,2.462,2.304656,2.462,WPP
242,2023,1.833,2.281091,2.794,WPP
242,2024,1.779,2.269986,2.802,WPP
242,2025,1.724,2.248289,2.816,WPP
242,2026,1.683,2.230489,2.847,WPP
242,2027,1.631,2.213043,2.851,WPP
242,2028,1.584,2.196459,2.874,WPP
242,2029,1.571,2.179407,2.878,WPP
242,2030,1.521,2.162942,2.889,WPP
242,2031,1.49,2.146038,2.89,WPP
242,2032,1.489,2.131181,2.914,WPP
242,2033,1.436,2.115358,2.892,WPP
242,2034,1.429,2.101255,2.873,WPP
242,2035,1.403,2.086389,2.905,WPP
246,2024,1.138,1.290557,1.44,WPP
246,2025,1.116,1.297446,1.48,WPP
246,2026,1.103,1.304094,1.504,WPP
246,2027,1.071,1.30967,1.53,WPP
246,2028,1.068,1.315888,1.552,WPP
246,2029,1.043,1.32264,1.585,WPP
246,2030,1.029,1.326929,1.605,WPP
246,2031,1.016,1.333722,1.633,WPP
246,2032,1.002,1.340173,1.649,WPP
246,2033,0.999,1.345342,1.657,WPP
246,2034,1.003,1.352138,1.678,WPP
246,2035,1.0,1.357362,1.692,WPP
246,2036,1.004,1.364318,1.732,WPP
246,2037,0.989,1.368172,1.73,WPP
246,2038,0.973,1.372772,1.756,WPP
250,2024,1.489,1.635978,1.787,WPP
250,2025,1.456,1.63692,1.816,WPP
250,2026,1.433,1.637391,1.835,WPP
250,2027,1.412,1.637775,1.868,WPP
250,2028,1.387,1.63799,1.887,WPP
250,2029,1.375,1.638891,1.901,WPP
250,2030,1.353,1.637236,1.913,WPP
250,2031,1.337,1.6387,1.931,WPP
250,2032,1.323,1.638663,1.933,WPP
250,2033,1.313,1.639648,1.958,WPP
250,2034,1.316,1.640559,1.971,WPP
250,2035,1.3,1.641098,1.982,WPP
250,2036,1.283,1.642597,1.983,WPP
250,2037,1.285,1.644114,2.014,WPP
250,2038,1.264,1.643415,2.007,WPP
254,2022,3.469,3.435689,3.469,WPP
254,2023,3.007,3.387708,3.777,WPP
254,2024,2.881,3.340618,3.815,WPP
254,2025,2.772,3.293074,3.843,WPP
254,2026,2.702,3.247239,3.843,WPP
254,2027,2.609,3.206431,3.833,WPP
254,2028,2.545,3.167748,3.843,WPP
254,2029,2.466,3.131069,3.822,WPP
254,2030,2.398,3.094385,3.844,WPP
254,2031,2.335,3.059195,3.84,WPP
254,2032,2.258,3.029647,3.846,WPP
254,2033,2.224,2.997736,3.843,WPP
254,2034,2.199,2.966755,3.816,WPP
254,2035,2.144,2.934201,3.823,WPP
254,2036,2.09,2.903328,3.828,WPP
258,2022,1.688,1.514814,1.688,WPP
258,2023,1.308,1.501197,1.7,WPP
258,2024,1.232,1.49098,1.75,WPP
258,2025,1.161,1.478378,1.772,WPP
258,2026,1.12,1.468935,1.803,WPP
258,2027,1.074,1.466774,1.802,WPP
258,2028,1.037,1.464176,1.812,WPP
258,2029,1.015,1.464001,1.831,WPP
258,2030,1.019,1.463124,1.847,WPP
258,2031,0.999,1.464444,1.846,WPP
258,2032,0.976,1.465779,1.863,WPP
258,2033,0.971,1.46879,1.871,WPP
258,2034,0.971,1.470131,1.885,WPP
258,2035,0.953,1.474417,1.898,WPP
258,2036,0.954,1.475687,1.898,WPP
262,2012,3.237,3.254954,3.237,WPP
262,2013,3.178,3.187166,3.178,WPP
262,2014,3.112,3.115959,3.112,WPP
262,2015,3.066,3.041443,3.066,WPP
262,2016,3.011,2.969141,3.011,WPP
262,2017,2.972,2.915935,2.972,WPP
262,2018,2.929,2.857963,2.929,WPP
262,2019,2.891,2.797862,2.891,WPP
262,2020,2.848,2.745006,2.848,WPP
262,2021,2.804,2.699387,2.804,WPP
262,2022,2.757,2.652569,2.757,WPP
262,2023,1.84,2.609169,3.832,WPP
262,2024,1.796,2.618081,3.77,WPP
262,2025,1.739,2.579327,3.749,WPP
262,2026,1.712,2.542469,3.701,WPP
266,2021,3.491,3.776189,3.491,WPP
266,2022,3.46,3.712241,3.46,WPP
266,2023,3.031,3.647348,4.264,WPP
266,2024,2.949,3.592282,4.253,WPP
266,2025,2.84,3.537276,4.258,WPP
266,2026,2.762,3.487623,4.252,WPP
266,2027,2.688,3.427262,4.249,WPP
266,2028,2.596,3.374149,4.236,WPP
266,2029,2.509,3.330563,4.241,WPP
266,2030,2.446,3.287013,4.252,WPP
266,2031,2.353,3.239071,4.244,WPP
266,2032,2.303,3.196756,4.204,WPP
266,2033,2.254,3.157539,4.172,WPP
266,2034,2.208,3.118625,4.132,WPP
266,2035,2.147,3.080045,4.118,WPP
268,2023,1.572,1.81,2.045,WPP
268,2024,1.502,1.801754,2.104,WPP
268,2025,1.441,1.786759,2.125,WPP
268,2026,1.39,1.775652,2.144,WPP
268,2027,1.344,1.765426,2.144,WPP
268,2028,1.286,1.758459,2.172,WPP
268,2029,1.25,1.753797,2.177,WPP
268,2030,1.242,1.749198,2.193,WPP
268,2031,1.223,1.745842,2.202,WPP
268,2032,1.216,1.743966,2.216,WPP
268,2033,1.204,1.739515,2.21,WPP
268,2034,1.188,1.733661,2.205,WPP
268,2035,1.182,1.730821,2.211,WPP
268,2036,1.188,1.727079,2.223,WPP
268,2037,1.182,1.727002,2.229,WPP
270,2021,4.165,4.165486,4.165,WPP
270,2022,4.078,4.078438,4.078,WPP
270,2023,3.159,4.005802,4.832,WPP
270,2024,2.981,3.907463,4.819,WPP
270,2025,2.805,3.803934,4.801,WPP
270,2026,2.619,3.701454,4.774,WPP
270,2027,2.441,3.602278,4.752,WPP
270,2028,2.329,3.507037,4.723,WPP
270,2029,2.226,3.414606,4.699,WPP
270,2030,2.142,3.327725,4.646,WPP
270,2031,2.075,3.244407,4.542,WPP
270,2032,1.966,3.167263,4.512,WPP
270,2033,1.911,3.096776,4.477,WPP
270,2034,1.855,3.029667,4.442,WPP
270,2035,1.814,2.967079,4.436,WPP
276,2024,1.295,1.448132,1.596,WPP
276,2025,1.264,1.455284,1.635,WPP
276,2026,1.237,1.459503,1.664,WPP
276,2027,1.234,1.462683,1.689,WPP
276,2028,1.218,1.469489,1.717,WPP
276,2029,1.198,1.473701,1.738,WPP
276,2030,1.185,1.477218,1.752,WPP
276,2031,1.183,1.482016,1.766,WPP
276,2032,1.178,1.485624,1.801,WPP
276,2033,1.166,1.488711,1.806,WPP
276,2034,1.15,1.494167,1.824,WPP
276,2035,1.141,1.497946,1.853,WPP
276,2036,1.126,1.503853,1.854,WPP
276,2037,1.121,1.505605,1.877,WPP
276,2038,1.093,1.508444,1.885,WPP
288,2022,3.507,3.434179,3.507,WPP
288,2023,2.89,3.396711,3.926,WPP
288,2024,2.791,3.343639,3.941,WPP
288,2025,2.684,3.299513,3.955,WPP
288,2026,2.575,3.257432,3.988,WPP
288,2027,2.494,3.215747,4.009,WPP
288,2028,2.406,3.178527,4.015,WPP
288,2029,2.354,3.138703,4.02,WPP
288,2030,2.281,3.100062,4.012,WPP
288,2031,2.208,3.06184,3.993,WPP
288,2032,2.178,3.025079,4.003,WPP
288,2033,2.114,2.994261,4.028,WPP
288,2034,2.061,2.960601,4.034,WPP
288,2035,2.013,2.929027,4.02,WPP
288,2036,1.993,2.898032,3.996,WPP
296,2021,3.304,3.219212,3.304,WPP
296,2022,3.271,3.181544,3.271,WPP
296,2023,2.568,3.147397,3.775,WPP
296,2024,2.49,3.12428,3.785,WPP
296,2025,2.449,3.091667,3.778,WPP
296,2026,2.394,3.060043,3.8,WPP
296,2027,2.325,3.030311,3.826,WPP
296,2028,2.24,3.001432,3.818,WPP
296,2029,2.159,2.972814,3.815,WPP
296,2030,2.102,2.943604,3.81,WPP
296,2031,2.049,2.916404,3.827,WPP
296,2032,2.002,2.890583,3.865,WPP
296,2033,1.978,2.865131,3.85,WPP
296,2034,1.918,2.840014,3.845,WPP
296,2035,1.877,2.81444,3.855,WPP
300,2024,1.16,1.335879,1.504,WPP
300,2025,1.134,1.339272,1.548,WPP
300,2026,1.111,1.343269,1.585,WPP
300,2027,1.094,1.347727,1.608,WPP
300,2028,1.076,1.352435,1.624,WPP
300,2029,1.085,1.355464,1.64,WPP
300,2030,1.068,1.358643,1.654,WPP
300,2031,1.049,1.360511,1.672,WPP
300,2032,1.037,1.363238,1.697,WPP
300,2033,1.03,1.364597,1.701,WPP
300,2034,1.015,1.36869,1.719,WPP
300,2035,0.986,1.372333,1.733,WPP
300,2036,0.997,1.376138,1.744,WPP
300,2037,0.988,1.378804,1.766,WPP
300,2038,0.982,1.382569,1.768,WPP
308,2021,2.004,1.517,2.004,WPP
308,2022,1.986,1.50173,1.986,WPP
308,2023,1.16,1.487372,1.833,WPP
308,2024,1.105,1.472157,1.865,WPP
308,2025,1.075,1.458177,1.86,WPP
308,2026,1.031,1.447222,1.876,WPP
308,2027,1.004,1.443397,1.889,WPP
308,2028,0.975,1.440912,1.892,WPP
308,2029,0.94,1.439816,1.915,WPP
308,2030,0.914,1.438881,1.917,WPP
308,2031,0.901,1.439438,1.936,WPP
308,2032,0.904,1.440629,1.938,WPP
308,2033,0.887,1.442223,1.946,WPP
308,2034,0.876,1.443785,1.964,WPP
308,2035,0.878,1.446387,1.958,WPP
312,2022,2.033,2.109781,2.033,WPP
312,2023,1.758,2.088721,2.397,WPP
312,2024,1.706,2.073333,2.426,WPP
312,2025,1.654,2.053946,2.44,WPP
312,2026,1.609,2.039517,2.441,WPP
312,2027,1.566,2.02562,2.445,WPP
312,2028,1.52,2.010952,2.437,WPP
312,2029,1.496,2.001335,2.44,WPP
312,2030,1.477,1.991558,2.447,WPP
312,2031,1.459,1.98428,2.449,WPP
312,2032,1.441,1.976384,2.443,WPP
312,2033,1.416,1.968484,2.457,WPP
312,2034,1.408,1.959425,2.443,WPP
312,2035,1.399,1.954909,2.451,WPP
312,2036,1.38,1.946859,2.456,WPP
316,2021,2.569,2.855807,2.569,WPP
316,2022,2.55,2.818525,2.55,WPP
316,2023,2.318,2.780847,3.269,WPP
316,2024,2.241,2.747868,3.299,WPP
316,2025,2.161,2.712059,3.309,WPP
316,2026,2.092,2.679841,3.302,WPP
316,2027,2.033,2.64857,3.321,WPP
316,2028,2.01,2.614866,3.309,WPP
316,2029,1.939,2.583452,3.313,WPP
316,2030,1.895,2.552869,3.301,WPP
316,2031,1.856,2.524583,3.291,WPP
316,2032,1.824,2.497103,3.286,WPP
316,2033,1.758,2.470683,3.275,WPP
316,2034,1.73,2.447022,3.234,WPP
316,2035,1.701,2.423212,3.232,WPP
320,2022,2.354,2.343369,2.354,WPP
320,2023,1.965,2.310769,2.708,WPP
320,2024,1.885,2.287133,2.713,WPP
320,2025,1.782,2.256195,2.744,WPP
320,2026,1.709,2.226926,2.763,WPP
320,2027,1.628,2.196149,2.755,WPP
320,2028,1.58,2.170295,2.791,WPP
320,2029,1.549,2.149637,2.787,WPP
320,2030,1.503,2.131766,2.815,WPP
320,2031,1.452,2.112647,2.796,WPP
320,2032,1.421,2.094531,2.779,WPP
320,2033,1.407,2.078647,2.776,WPP
320,2034,1.39,2.060817,2.773,WPP
320,2035,1.371,2.045522,2.793,WPP
320,2036,1.33,2.030634,2.807,WPP
324,2022,4.303,4.303343,4.303,WPP
324,2023,3.41,4.217478,4.915,WPP
324,2024,3.233,4.130788,4.894,WPP
324,2025,3.068,4.041441,4.855,WPP
324,2026,2.916,3.957816,4.847,WPP
324,2027,2.736,3.890335,4.82,WPP
324,2028,2.621,3.807185,4.799,WPP
324,2029,2.505,3.726937,4.8,WPP
324,2030,2.39,3.655554,4.76,WPP
324,2031,2.306,3.586976,4.776,WPP
324,2032,2.209,3.523499,4.726,WPP
324,2033,2.102,3.45031,4.705,WPP
324,2034,2.045,3.381746,4.676,WPP
324,2035,1.991,3.319157,4.64,WPP
324,2036,1.94,3.269733,4.598,WPP
328,2021,2.397,2.461717,2.397,WPP
328,2022,2.369,2.437382,2.369,WPP
328,2023,1.923,2.412452,2.951,WPP
328,2024,1.867,2.394731,2.973,WPP
328,2025,1.793,2.369724,2.983,WPP
328,2026,1.745,2.348886,2.979,WPP
328,2027,1.707,2.325441,2.993,WPP
328,2028,1.667,2.301202,2.997,WPP
328,2029,1.614,2.276715,3.026,WPP
328,2030,1.594,2.255485,3.025,WPP
328,2031,1.552,2.233779,3.025,WPP
328,2032,1.537,2.215271,2.998,WPP
328,2033,1.511,2.198153,3.013,WPP
328,2034,1.475,2.180165,2.989,WPP
328,2035,1.463,2.165353,2.992,WPP
332,2016,3.062,3.053707,3.062,WPP
332,2017,3.016,2.984814,3.016,WPP
332,2018,2.959,2.923867,2.959,WPP
332,2019,2.919,2.862252,2.919,WPP
332,2020,2.869,2.803598,2.869,WPP
332,2021,2.814,2.747604,2.814,WPP
332,2022,2.773,2.698963,2.773,WPP
332,2023,2.061,2.655749,3.304,WPP
332,2024,1.985,2.625424,3.299,WPP
332,2025,1.922,2.586148,3.301,WPP
332,2026,1.863,2.551584,3.301,WPP
332,2027,1.789,2.519469,3.332,WPP
332,2028,1.742,2.485366,3.3,WPP
332,2029,1.701,2.458275,3.31,WPP
332,2030,1.657,2.43161,3.307,WPP
340,2014,2.635,2.793355,2.635,WPP
340,2015,2.581,2.746449,2.581,WPP
340,2016,2.536,2.70444,2.536,WPP
340,2017,2.496,2.662556,2.496,WPP
340,2018,2.46,2.645088,2.46,WPP
340,2019,2.427,2.611152,2.427,WPP
340,2020,2.394,2.576774,2.394,WPP
340,2021,2.363,2.548167,2.363,WPP
340,2022,2.34,2.521672,2.34,WPP
340,2023,1.73,2.500196,3.373,WPP
340,2024,1.715,2.476433,3.351,WPP
340,2025,1.675,2.451657,3.359,WPP
340,2026,1.648,2.42319,3.329,WPP
340,2027,1.604,2.397717,3.35,WPP
340,2028,1.54,2.375265,3.351,WPP
344,2025,0.563,0.734973,0.917,WPP
344,2026,0.547,0.746418,0.957,WPP
344,2027,0.547,0.755897,0.998,WPP
344,2028,0.542,0.767274,1.031,WPP
344,2029,0.542,0.775879,1.058,WPP
344,2030,0.537,0.7884,1.096,WPP
344,2031,0.537,0.798542,1.128,WPP
344,2032,0.536,0.806671,1.14,WPP
344,2033,0.537,0.816219,1.165,WPP
344,2034,0.534,0.824339,1.19,WPP
344,2035,0.538,0.833517,1.202,WPP
344,2036,0.539,0.842164,1.227,WPP
344,2037,0.537,0.853185,1.247,WPP
344,2038,0.54,0.860873,1.264,WPP
344,2039,0.541,0.873167,1.29,WPP
348,2024,1.334,1.490593,1.641,WPP
348,2025,1.302,1.495088,1.684,WPP
348,2026,1.296,1.500198,1.709,WPP
348,2027,1.273,1.504074,1.74,WPP
348,2028,1.258,1.50702,1.754,WPP
348,2029,1.235,1.508295,1.782,WPP
348,2030,1.225,1.511822,1.793,WPP
348,2031,1.214,1.512834,1.804,WPP
348,2032,1.217,1.514781,1.826,WPP
348,2033,1.194,1.517251,1.846,WPP
348,2034,1.182,1.521885,1.854,WPP
348,2035,1.164,1.524932,1.865,WPP
348,2036,1.165,1.525302,1.871,WPP
348,2037,1.148,1.528275,1.881,WPP
348,2038,1.134,1.532172,1.896,WPP
352,2024,1.296,1.517222,1.727,WPP
352,2025,1.209,1.501525,1.746,WPP
352,2026,1.152,1.490303,1.774,WPP
352,2027,1.088,1.483385,1.801,WPP
352,2028,1.05,1.479363,1.808,WPP
352,2029,1.019,1.478456,1.83,WPP
352,2030,0.996,1.477071,1.852,WPP
352,2031,0.989,1.477095,1.874,WPP
352,2032,0.972,1.476551,1.881,WPP
352,2033,0.965,1.479266,1.895,WPP
352,2034,0.956,1.480296,1.893,WPP
352,2035,0.962,1.481295,1.914,WPP
352,2036,0.955,1.482434,1.92,WPP
352,2037,0.959,1.483823,1.934,WPP
352,2038,0.944,1.48665,1.94,WPP
356,2021,2.031,2.013629,2.031,WPP
356,2022,2.011,1.993624,2.011,WPP
356,2023,1.67,1.975375,2.297,WPP
356,2024,1.599,1.962181,2.339,WPP
356,2025,1.549,1.943485,2.356,WPP
356,2026,1.505,1.929346,2.4,WPP
356,2027,1.426,1.915269,2.402,WPP
356,2028,1.375,1.901872,2.406,WPP
356,2029,1.333,1.891578,2.398,WPP
356,2030,1.301,1.883236,2.42,WPP
356,2031,1.262,1.872757,2.417,WPP
356,2032,1.267,1.860948,2.428,WPP
356,2033,1.247,1.852035,2.429,WPP
356,2034,1.218,1.84455,2.442,WPP
356,2035,1.234,1.837874,2.438,WPP
360,2021,2.175,2.165881,2.175,WPP
360,2022,2.153,2.149014,2.153,WPP
360,2023,1.79,2.126677,2.49,WPP
360,2024,1.715,2.114715,2.509,WPP
360,2025,1.651,2.095947,2.537,WPP
360,2026,1.607,2.07975,2.567,WPP
360,2027,1.551,2.062716,2.586,WPP
360,2028,1.514,2.043678,2.576,WPP
360,2029,1.478,2.027224,2.574,WPP
360,2030,1.442,2.011026,2.581,WPP
360,2031,1.429,1.999676,2.605,WPP
360,2032,1.42,1.988698,2.601,WPP
360,2033,1.415,1.978335,2.59,WPP
360,2034,1.391,1.96572,2.611,WPP
360,2035,1.374,1.95289,2.607,WPP
364,2022,1.681,1.703507,1.681,WPP
364,2023,1.436,1.695205,1.951,WPP
364,2024,1.375,1.684244,2.006,WPP
364,2025,1.33,1.669922,2.013,WPP
364,2026,1.291,1.658419,2.025,WPP
364,2027,1.249,1.651075,2.036,WPP
364,2028,1.219,1.64463,2.038,WPP
364,2029,1.189,1.639421,2.047,WPP
364,2030,1.166,1.63312,2.055,WPP
364,2031,1.14,1.629186,2.055,WPP
364,2032,1.13,1.626587,2.06,WPP
364,2033,1.106,1.62697,2.063,WPP
364,2034,1.082,1.629317,2.076,WPP
364,2035,1.086,1.629928,2.095,WPP
364,2036,1.061,1.629927,2.102,WPP
368,2017,3.73,3.639564,3.73,WPP
368,2018,3.659,3.54655,3.659,WPP
368,2019,3.604,3.479689,3.604,WPP
368,2020,3.551,3.418949,3.551,WPP
368,2021,3.496,3.357696,3.496,WPP
368,2022,3.445,3.294491,3.445,WPP
368,2023,2.6,3.248535,3.994,WPP
368,2024,2.506,3.221194,3.989,WPP
368,2025,2.423,3.173595,3.964,WPP
368,2026,2.345,3.131925,3.935,WPP
368,2027,2.275,3.088545,3.927,WPP
368,2028,2.22,3.051066,3.91,WPP
368,2029,2.145,3.008614,3.918,WPP
368,2030,2.053,2.970808,3.903,WPP
368,2031,1.987,2.934697,3.893,WPP
372,2024,1.418,1.597483,1.769,WPP
372,2025,1.391,1.598283,1.803,WPP
372,2026,1.363,1.59865,1.83,WPP
372,2027,1.347,1.599244,1.844,WPP
372,2028,1.326,1.599579,1.878,WPP
372,2029,1.298,1.600734,1.887,WPP
372,2030,1.283,1.601625,1.912,WPP
372,2031,1.256,1.600197,1.925,WPP
372,2032,1.24,1.599766,1.946,WPP
372,2033,1.231,1.599207,1.96,WPP
372,2034,1.234,1.600182,1.984,WPP
372,2035,1.225,1.601642,1.986,WPP
372,2036,1.205,1.600418,1.997,WPP
372,2037,1.192,1.601529,2.007,WPP
372,2038,1.175,1.601546,1.999,WPP
376,2024,2.449,2.784692,3.122,WPP
376,2025,2.356,2.75321,3.173,WPP
376,2026,2.276,2.729433,3.215,WPP
376,2027,2.208,2.704898,3.242,WPP
376,2028,2.123,2.680321,3.232,WPP
376,2029,2.068,2.656262,3.257,WPP
376,2030,2.025,2.637496,3.305,WPP
376,2031,1.965,2.620439,3.298,WPP
376,2032,1.925,2.608508,3.302,WPP
376,2033,1.866,2.584103,3.344,WPP
376,2034,1.813,2.564293,3.327,WPP
376,2035,1.77,2.543542,3.342,WPP
376,2036,1.763,2.527464,3.335,WPP
376,2037,1.697,2.50774,3.319,WPP
376,2038,1.695,2.491205,3.343,WPP
380,2024,1.051,1.205761,1.351,WPP
380,2025,1.037,1.213962,1.395,WPP
380,2026,1.007,1.219334,1.424,WPP
380,2027,0.997,1.228693,1.469,WPP
380,2028,0.988,1.236818,1.494,WPP
380,2029,0.967,1.242393,1.524,WPP
380,2030,0.965,1.249328,1.543,WPP
380,2031,0.951,1.255612,1.562,WPP
380,2032,0.937,1.261889,1.581,WPP
380,2033,0.931,1.267156,1.597,WPP
380,2034,0.918,1.273999,1.615,WPP
380,2035,0.904,1.278628,1.644,WPP
380,2036,0.912,1.285713,1.655,WPP
380,2037,0.887,1.291196,1.656,WPP
380,2038,0.901,1.296386,1.685,WPP
384,2022,4.195,4.348527,4.195,WPP
384,2023,3.674,4.282785,4.867,WPP
384,2024,3.548,4.230406,4.856,WPP
384,2025,3.433,4.165598,4.879,WPP
384,2026,3.3,4.10374,4.867,WPP
384,2027,3.198,4.045403,4.871,WPP
384,2028,3.102,3.986916,4.844,WPP
384,2029,2.999,3.930147,4.826,WPP
384,2030,2.931,3.881884,4.828,WPP
384,2031,2.824,3.831229,4.792,WPP
384,2032,2.722,3.779837,4.774,WPP
384,2033,2.664,3.749286,4.775,WPP
384,2034,2.558,3.688291,4.776,WPP
384,2035,2.478,3.641069,4.757,WPP
384,2036,2.396,3.600118,4.731,WPP
388,2021,1.352,1.377945,1.352,WPP
388,2022,1.34,1.372461,1.34,WPP
388,2023,1.012,1.357655,1.721,WPP
388,2024,0.97,1.350939,1.75,WPP
388,2025,0.951,1.338122,1.741,WPP
388,2026,0.899,1.333676,1.76,WPP
388,2027,0.891,1.332004,1.779,WPP
388,2028,0.87,1.33148,1.79,WPP
388,2029,0.842,1.331548,1.808,WPP
388,2030,0.823,1.332161,1.811,WPP
388,2031,0.809,1.332902,1.809,WPP
388,2032,0.805,1.335812,1.834,WPP
388,2033,0.799,1.340254,1.838,WPP
388,2034,0.799,1.343784,1.823,WPP
388,2035,0.791,1.347569,1.835,WPP
392,2024,1.056,1.216785,1.366,WPP
392,2025,1.036,1.225008,1.401,WPP
392,2026,1.019,1.231488,1.434,WPP
392,2027,0.999,1.239627,1.473,WPP
392,2028,0.993,1.246117,1.499,WPP
392,2029,0.981,1.253766,1.512,WPP
392,2030,0.97,1.260578,1.535,WPP
392,2031,0.963,1.26614,1.545,WPP
392,2032,0.953,1.272632,1.565,WPP
392,2033,0.934,1.277122,1.583,WPP
392,2034,0.924,1.283657,1.603,WPP
392,2035,0.914,1.289746,1.619,WPP
392,2036,0.918,1.294504,1.639,WPP
392,2037,0.909,1.299226,1.649,WPP
392,2038,0.91,1.305195,1.674,WPP
398,2023,2.705,3.012421,3.335,WPP
398,2024,2.6,2.98415,3.39,WPP
398,2025,2.487,2.950392,3.419,WPP
398,2026,2.401,2.92205,3.462,WPP
398,2027,2.331,2.89883,3.513,WPP
398,2028,2.253,2.865904,3.526,WPP
398,2029,2.195,2.837262,3.534,WPP
398,2030,2.135,2.813664,3.561,WPP
398,2031,2.052,2.785239,3.55,WPP
398,2032,2.013,2.760871,3.567,WPP
398,2033,1.955,2.735654,3.558,WPP
398,2034,1.914,2.711077,3.56,WPP
398,2035,1.89,2.687491,3.576,WPP
398,2036,1.867,2.664298,3.552,WPP
398,2037,1.825,2.640667,3.535,WPP
400,2022,2.786,2.679138,2.786,WPP
400,2023,2.378,2.639218,2.91,WPP
400,2024,2.255,2.604172,2.947,WPP
400,2025,2.174,2.572571,2.996,WPP
400,2026,2.082,2.538721,3.005,WPP
400,2027,2.0,2.505843,3.021,WPP
400,2028,1.94,2.476462,3.006,WPP
400,2029,1.887,2.44505,3.029,WPP
400,2030,1.831,2.415424,3.044,WPP
400,2031,1.759,2.388924,3.092,WPP
400,2032,1.714,2.361066,3.088,WPP
400,2033,1.68,2.331495,3.082,WPP
400,2034,1.636,2.303301,3.084,WPP
400,2035,1.602,2.274953,3.058,WPP
400,2036,1.558,2.254085,3.048,WPP
404,2023,2.742,3.207623,3.663,WPP
404,2024,2.646,3.166641,3.702,WPP
404,2025,2.529,3.120818,3.71,WPP
404,2026,2.45,3.074433,3.737,WPP
404,2027,2.38,3.032605,3.725,WPP
404,2028,2.302,2.992032,3.729,WPP
404,2029,2.257,2.953136,3.705,WPP
404,2030,2.167,2.916302,3.699,WPP
404,2031,2.126,2.884978,3.691,WPP
404,2032,2.07,2.850398,3.721,WPP
404,2033,2.014,2.815975,3.717,WPP
404,2034,1.947,2.783052,3.762,WPP
404,2035,1.888,2.752081,3.719,WPP
404,2036,1.851,2.723226,3.679,WPP
404,2037,1.814,2.691314,3.678,WPP
408,2015,1.884,1.863203,1.884,WPP
408,2016,1.87,1.856414,1.87,WPP
408,2017,1.857,1.848298,1.857,WPP
408,2018,1.845,1.833668,1.845,WPP
408,2019,1.84,1.825052,1.84,WPP
408,2020,1.818,1.820938,1.818,WPP
408,2021,1.809,1.805975,1.809,WPP
408,2022,1.793,1.796561,1.793,WPP
408,2023,1.233,1.780288,2.382,WPP
408,2024,1.203,1.783721,2.406,WPP
408,2025,1.185,1.767943,2.401,WPP
408,2026,1.153,1.754138,2.408,WPP
408,2027,1.121,1.741574,2.419,WPP
408,2028,1.103,1.733261,2.405,WPP
408,2029,1.067,1.726189,2.403,WPP
410,2024,0.553,0.733818,0.917,WPP
410,2025,0.548,0.749425,0.958,WPP
410,2026,0.539,0.761665,0.998,WPP
410,2027,0.536,0.775063,1.024,WPP
410,2028,0.534,0.788182,1.055,WPP
410,2029,0.532,0.800348,1.092,WPP
410,2030,0.533,0.814528,1.118,WPP
410,2031,0.532,0.82786,1.15,WPP
410,2032,0.532,0.83924,1.187,WPP
410,2033,0.541,0.853011,1.206,WPP
410,2034,0.548,0.863545,1.233,WPP
410,2035,0.552,0.876311,1.258,WPP
410,2036,0.547,0.887565,1.287,WPP
410,2037,0.546,0.899507,1.3,WPP
410,2038,0.542,0.909515,1.318,WPP
412,2021,1.522,1.561249,1.522,WPP
412,2022,1.51,1.555231,1.51,WPP
412,2023,1.209,1.545388,1.882,WPP
412,2024,1.165,1.538308,1.926,WPP
412,2025,1.113,1.525329,1.942,WPP
412,2026,1.072,1.515231,1.944,WPP
412,2027,1.049,1.508534,1.957,WPP
412,2028,1.027,1.505417,1.955,WPP
412,2029,1.011,1.503867,1.966,WPP
412,2030,0.996,1.502256,1.968,WPP
412,2031,0.973,1.500741,1.991,WPP
412,2032,0.965,1.500682,2.01,WPP
412,2033,0.955,1.500712,2.02,WPP
412,2034,0.962,1.502148,2.014,WPP
412,2035,0.969,1.501658,2.029,WPP
414,2023,1.217,1.524558,1.858,WPP
414,2024,1.154,1.514788,1.889,WPP
414,2025,1.095,1.49814,1.915,WPP
414,2026,1.057,1.487474,1.909,WPP
414,2027,1.025,1.48299,1.932,WPP
414,2028,0.984,1.479697,1.917,WPP
414,2029,0.958,1.477673,1.942,WPP
414,2030,0.961,1.47759,1.959,WPP
414,2031,0.956,1.476602,1.966,WPP
414,2032,0.946,1.476457,1.968,WPP
414,2033,0.924,1.477262,1.969,WPP
414,2034,0.93,1.478447,1.982,WPP
414,2035,0.93,1.479288,1.978,WPP
414,2036,0.924,1.480058,1.986,WPP
414,2037,0.911,1.481254,1.988,WPP
417,2023,2.535,2.8,3.086,WPP
417,2024,2.438,2.77919,3.133,WPP
417,2025,2.358,2.751496,3.18,WPP
417,2026,2.292,2.722545,3.211,WPP
417,2027,2.205,2.69683,3.227,WPP
417,2028,2.123,2.669717,3.257,WPP
417,2029,2.065,2.645501,3.26,WPP
417,2030,2.028,2.620164,3.256,WPP
417,2031,1.97,2.594883,3.275,WPP
417,2032,1.911,2.56542,3.266,WPP
417,2033,1.88,2.541898,3.269,WPP
417,2034,1.858,2.519663,3.249,WPP
417,2035,1.82,2.493123,3.267,WPP
417,2036,1.768,2.469611,3.26,WPP
417,2037,1.75,2.449167,3.256,WPP
418,2018,2.619,2.632554,2.619,WPP
418,2019,2.571,2.588817,2.571,WPP
418,2020,2.541,2.535425,2.541,WPP
418,2021,2.496,2.49405,2.496,WPP
418,2022,2.448,2.454979,2.448,WPP
418,2023,1.924,2.420934,3.019,WPP
418,2024,1.846,2.396513,3.014,WPP
418,2025,1.795,2.361223,2.989,WPP
418,2026,1.756,2.327833,2.987,WPP
418,2027,1.687,2.295927,2.956,WPP
418,2028,1.654,2.267147,2.962,WPP
418,2029,1.621,2.237948,2.956,WPP
418,2030,1.562,2.210777,2.929,WPP
418,2031,1.512,2.186119,2.935,WPP
418,2032,1.497,2.161439,2.928,WPP
422,2021,2.091,2.283248,2.091,WPP
422,2022,2.08,2.263269,2.08,WPP
422,2023,1.695,2.23948,2.861,WPP
422,2024,1.657,2.22745,2.871,WPP
422,2025,1.623,2.207883,2.854,WPP
422,2026,1.586,2.187649,2.874,WPP
422,2027,1.562,2.169139,2.882,WPP
422,2028,1.53,2.149497,2.861,WPP
422,2029,1.512,2.130125,2.877,WPP
422,2030,1.478,2.11456,2.867,WPP
422,2031,1.446,2.102699,2.868,WPP
422,2032,1.426,2.088989,2.863,WPP
422,2033,1.401,2.075024,2.89,WPP
422,2034,1.373,2.061338,2.893,WPP
422,2035,1.377,2.049041,2.864,WPP
426,2021,3.018,2.76886,3.018,WPP
426,2022,2.98,2.716151,2.98,WPP
426,2023,2.209,2.693986,3.196,WPP
426,2024,2.153,2.663775,3.21,WPP
426,2025,2.079,2.63718,3.216,WPP
426,2026,2.027,2.609709,3.242,WPP
426,2027,1.952,2.580279,3.225,WPP
426,2028,1.901,2.552483,3.224,WPP
426,2029,1.859,2.526526,3.22,WPP
426,2030,1.836,2.500327,3.207,WPP
426,2031,1.803,2.474793,3.219,WPP
426,2032,1.758,2.45063,3.243,WPP
426,2033,1.749,2.427435,3.231,WPP
426,2034,1.711,2.406259,3.247,WPP
426,2035,1.672,2.384081,3.235,WPP
428,2024,1.197,1.341863,1.489,WPP
428,2025,1.173,1.347042,1.522,WPP
428,2026,1.153,1.353919,1.554,WPP
428,2027,1.124,1.361007,1.583,WPP
428,2028,1.105,1.365343,1.611,WPP
428,2029,1.094,1.36938,1.634,WPP
428,2030,1.089,1.374482,1.648,WPP
428,2031,1.07,1.378004,1.661,WPP
428,2032,1.074,1.382725,1.68,WPP
428,2033,1.056,1.385638,1.691,WPP
428,2034,1.038,1.390843,1.706,WPP
428,2035,1.042,1.394264,1.732,WPP
428,2036,1.031,1.398063,1.735,WPP
428,2037,1.012,1.40079,1.75,WPP
428,2038,1.002,1.403995,1.77,WPP
430,2022,4.016,4.01563,4.016,WPP
430,2023,3.2,3.949834,4.628,WPP
430,2024,3.031,3.863631,4.617,WPP
430,2025,2.865,3.789418,4.634,WPP
430,2026,2.717,3.713941,4.649,WPP
430,2027,2.586,3.643303,4.619,WPP
430,2028,2.468,3.571333,4.579,WPP
430,2029,2.386,3.507881,4.58,WPP
430,2030,2.287,3.42578,4.535,WPP
430,2031,2.192,3.376234,4.514,WPP
430,2032,2.088,3.306288,4.507,WPP
430,2033,2.03,3.253129,4.472,WPP
430,2034,1.985,3.202087,4.47,WPP
430,2035,1.914,3.154065,4.438,WPP
430,2036,1.866,3.108826,4.381,WPP
434,2014,2.754,2.754484,2.754,WPP
434,2015,2.711,2.711102,2.711,WPP
434,2016,2.673,2.673261,2.673,WPP
434,2017,2.626,2.626249,2.626,WPP
434,2018,2.581,2.580698,2.581,WPP
434,2019,2.539,2.538562,2.539,WPP
434,2020,2.507,2.507078,2.507,WPP
434,2021,2.462,2.462434,2.462,WPP
434,2022,2.402,2.40216,2.402,WPP
434,2023,1.79,2.354565,2.913,WPP
434,2024,1.741,2.297836,2.873,WPP
434,2025,1.659,2.253802,2.841,WPP
434,2026,1.609,2.213788,2.829,WPP
434,2027,1.583,2.177137,2.837,WPP
434,2028,1.539,2.143963,2.793,WPP
440,2024,1.061,1.210514,1.359,WPP
440,2025,1.031,1.217982,1.403,WPP
440,2026,1.008,1.223164,1.436,WPP
440,2027,0.996,1.2299,1.464,WPP
440,2028,0.99,1.236796,1.49,WPP
440,2029,0.977,1.240722,1.516,WPP
440,2030,0.941,1.248062,1.532,WPP
440,2031,0.93,1.254746,1.564,WPP
440,2032,0.921,1.26197,1.591,WPP
440,2033,0.912,1.270376,1.618,WPP
440,2034,0.911,1.27618,1.629,WPP
440,2035,0.9,1.282268,1.648,WPP
440,2036,0.895,1.289816,1.656,WPP
440,2037,0.895,1.294469,1.67,WPP
440,2038,0.877,1.298765,1.693,WPP
442,2024,1.21,1.3987,1.578,WPP
442,2025,1.206,1.404273,1.607,WPP
442,2026,1.184,1.411487,1.639,WPP
442,2027,1.159,1.41747,1.66,WPP
442,2028,1.156,1.422951,1.682,WPP
442,2029,1.14,1.427811,1.704,WPP
442,2030,1.115,1.430888,1.726,WPP
442,2031,1.101,1.435884,1.747,WPP
442,2032,1.098,1.438418,1.756,WPP
442,2033,1.091,1.44134,1.78,WPP
442,2034,1.092,1.445354,1.793,WPP
442,2035,1.071,1.448494,1.797,WPP
442,2036,1.068,1.450962,1.82,WPP
442,2037,1.069,1.453463,1.84,WPP
442,2038,1.065,1.45282,1.834,WPP
446,2023,0.507,0.661565,0.818,WPP
446,2024,0.509,0.676436,0.865,WPP
446,2025,0.506,0.686391,0.895,WPP
446,2026,0.509,0.6982,0.938,WPP
446,2027,0.51,0.70872,0.961,WPP
446,2028,0.51,0.720991,0.99,WPP
446,2029,0.509,0.730784,1.018,WPP
446,2030,0.509,0.742419,1.047,WPP
446,2031,0.507,0.75298,1.08,WPP
446,2032,0.508,0.761224,1.105,WPP
446,2033,0.51,0.770152,1.119,WPP
446,2034,0.515,0.780923,1.144,WPP
446,2035,0.511,0.791041,1.158,WPP
446,2036,0.512,0.801003,1.195,WPP
446,2037,0.514,0.809884,1.216,WPP
450,2021,3.851,4.103866,3.851,WPP
450,2022,3.791,4.035949,3.791,WPP
450,2023,3.347,3.972422,4.616,WPP
450,2024,3.184,3.912424,4.65,WPP
450,2025,3.047,3.844874,4.681,WPP
450,2026,2.919,3.783862,4.667,WPP
450,2027,2.757,3.722435,4.652,WPP
450,2028,2.698,3.662653,4.657,WPP
450,2029,2.564,3.607255,4.623,WPP
450,2030,2.483,3.556316,4.62,WPP
450,2031,2.448,3.509097,4.614,WPP
450,2032,2.351,3.457355,4.631,WPP
450,2033,2.261,3.410032,4.635,WPP
450,2034,2.199,3.364548,4.601,WPP
450,2035,2.129,3.322887,4.537,WPP
454,2021,3.916,3.790989,3.916,WPP
454,2022,3.849,3.719682,3.849,WPP
454,2023,2.96,3.648304,4.353,WPP
454,2024,2.799,3.589648,4.333,WPP
454,2025,2.643,3.526878,4.332,WPP
454,2026,2.496,3.449117,4.332,WPP
454,2027,2.358,3.392755,4.326,WPP
454,2028,2.268,3.334104,4.352,WPP
454,2029,2.161,3.289842,4.378,WPP
454,2030,2.074,3.225821,4.339,WPP
454,2031,2.015,3.175661,4.359,WPP
454,2032,1.945,3.128916,4.322,WPP
454,2033,1.903,3.087536,4.305,WPP
454,2034,1.835,3.047393,4.331,WPP
454,2035,1.795,3.008221,4.318,WPP
458,2022,1.55,1.55,1.55,WPP
458,2023,1.261,1.55,1.842,WPP
458,2024,1.206,1.54302,1.89,WPP
458,2025,1.162,1.530082,1.895,WPP
458,2026,1.124,1.519532,1.907,WPP
458,2027,1.091,1.512936,1.907,WPP
458,2028,1.052,1.508682,1.926,WPP
458,2029,1.025,1.505846,1.941,WPP
458,2030,1.02,1.50564,1.949,WPP
458,2031,0.997,1.503072,1.942,WPP
458,2032,0.977,1.501716,1.953,WPP
458,2033,0.987,1.50179,1.964,WPP
458,2034,0.961,1.501691,1.97,WPP
458,2035,0.981,1.503392,1.981,WPP
458,2036,0.977,1.505971,1.985,WPP
462,2023,1.226,1.575221,1.923,WPP
462,2024,1.188,1.560131,1.957,WPP
462,2025,1.13,1.546629,1.97,WPP
462,2026,1.077,1.53366,1.981,WPP
462,2027,1.032,1.525542,1.972,WPP
462,2028,1.008,1.520585,1.985,WPP
462,2029,0.996,1.517726,1.993,WPP
462,2030,0.974,1.516068,2.005,WPP
462,2031,0.959,1.513582,2.02,WPP
462,2032,0.937,1.513053,2.019,WPP
462,2033,0.942,1.513315,2.024,WPP
462,2034,0.926,1.514957,2.046,WPP
462,2035,0.93,1.514478,2.048,WPP
462,2036,0.922,1.516016,2.054,WPP
462,2037,0.929,1.517118,2.048,WPP
466,2021,5.779,5.778644,5.779,WPP
466,2022,5.692,5.691808,5.692,WPP
466,2023,4.593,5.614076,6.386,WPP
466,2024,4.443,5.510162,6.38,WPP
466,2025,4.254,5.421348,6.372,WPP
466,2026,4.079,5.325869,6.362,WPP
466,2027,3.928,5.235666,6.335,WPP
466,2028,3.697,5.151386,6.338,WPP
466,2029,3.524,5.066349,6.32,WPP
466,2030,3.386,4.963853,6.306,WPP
466,2031,3.224,4.87856,6.254,WPP
466,2032,3.073,4.783181,6.258,WPP
466,2033,2.911,4.700415,6.194,WPP
466,2034,2.787,4.598823,6.162,WPP
466,2035,2.648,4.491851,6.12,WPP
470,2024,0.897,1.10591,1.325,WPP
470,2025,0.886,1.113694,1.346,WPP
470,2026,0.865,1.121209,1.372,WPP
470,2027,0.853,1.129335,1.405,WPP
470,2028,0.843,1.137627,1.426,WPP
470,2029,0.84,1.14469,1.446,WPP
470,2030,0.849,1.150083,1.464,WPP
470,2031,0.821,1.157131,1.489,WPP
470,2032,0.813,1.164692,1.508,WPP
470,2033,0.818,1.169938,1.536,WPP
470,2034,0.812,1.173757,1.554,WPP
470,2035,0.8,1.179291,1.568,WPP
470,2036,0.808,1.186006,1.573,WPP
470,2037,0.788,1.192472,1.586,WPP
470,2038,0.778,1.196525,1.612,WPP
474,2022,1.906,2.023838,1.906,WPP
474,2023,1.724,2.009459,2.284,WPP
474,2024,1.665,1.991711,2.304,WPP
474,2025,1.618,1.969905,2.315,WPP
474,2026,1.552,1.951567,2.321,WPP
474,2027,1.515,1.938442,2.316,WPP
474,2028,1.468,1.927624,2.318,WPP
474,2029,1.463,1.91869,2.323,WPP
474,2030,1.442,1.911544,2.315,WPP
474,2031,1.433,1.904246,2.336,WPP
474,2032,1.409,1.898223,2.352,WPP
474,2033,1.405,1.89252,2.349,WPP
474,2034,1.387,1.888319,2.344,WPP
474,2035,1.368,1.883863,2.337,WPP
474,2036,1.357,1.877118,2.34,WPP
478,2021,5.19,4.847555,5.19,WPP
478,2022,5.19,4.770356,5.19,WPP
478,2023,3.815,4.69725,5.579,WPP
478,2024,3.692,4.625254,5.567,WPP
478,2025,3.543,4.560273,5.555,WPP
478,2026,3.405,4.484793,5.555,WPP
478,2027,3.268,4.424989,5.518,WPP
478,2028,3.111,4.363712,5.478,WPP
478,2029,2.97,4.292533,5.446,WPP
478,2030,2.835,4.236668,5.421,WPP
478,2031,2.722,4.177066,5.429,WPP
478,2032,2.615,4.107761,5.411,WPP
478,2033,2.519,4.02361,5.389,WPP
478,2034,2.403,3.969224,5.355,WPP
478,2035,2.299,3.902506,5.342,WPP
480,2023,1.123,1.240674,1.359,WPP
480,2024,1.036,1.225235,1.419,WPP
480,2025,0.967,1.213655,1.449,WPP
480,2026,0.921,1.208146,1.474,WPP
480,2027,0.881,1.206617,1.503,WPP
480,2028,0.844,1.205509,1.52,WPP
480,2029,0.815,1.206781,1.541,WPP
480,2030,0.802,1.211802,1.564,WPP
480,2031,0.784,1.215412,1.584,WPP
480,2032,0.766,1.22146,1.583,WPP
480,2033,0.764,1.226228,1.615,WPP
480,2034,0.75,1.232723,1.618,WPP
480,2035,0.747,1.239115,1.636,WPP
480,2036,0.741,1.243211,1.657,WPP
480,2037,0.739,1.24981,1.666,WPP
484,2021,1.97,1.97,1.97,WPP
484,2022,1.94,1.94,1.94,WPP
484,2023,1.554,1.91,2.312,WPP
484,2024,1.471,1.891584,2.348,WPP
484,2025,1.41,1.868938,2.344,WPP
484,2026,1.365,1.852118,2.351,WPP
484,2027,1.311,1.834044,2.348,WPP
484,2028,1.291,1.818641,2.346,WPP
484,2029,1.247,1.805599,2.346,WPP
484,2030,1.217,1.792628,2.347,WPP
484,2031,1.2,1.783206,2.354,WPP
484,2032,1.152,1.774679,2.34,WPP
484,2033,1.157,1.766983,2.346,WPP
484,2034,1.147,1.761078,2.357,WPP
484,2035,1.122,1.75627,2.338,WPP
496,2023,2.438,2.684979,2.929,WPP
496,2024,2.317,2.632192,2.945,WPP
496,2025,2.203,2.584542,2.964,WPP
496,2026,2.116,2.539167,2.974,WPP
496,2027,2.02,2.49972,2.978,WPP
496,2028,1.964,2.460564,2.965,WPP
496,2029,1.886,2.424147,2.993,WPP
496,2030,1.825,2.390936,2.997,WPP
496,2031,1.77,2.359665,2.982,WPP
496,2032,1.72,2.32919,2.953,WPP
496,2033,1.67,2.301118,2.943,WPP
496,2034,1.64,2.274971,2.913,WPP
496,2035,1.58,2.246068,2.891,WPP
496,2036,1.572,2.221766,2.871,WPP
496,2037,1.531,2.199542,2.837,WPP
498,2024,1.557,1.725695,1.897,WPP
498,2025,1.528,1.724001,1.914,WPP
498,2026,1.504,1.724336,1.944,WPP
498,2027,1.487,1.722201,1.963,WPP
498,2028,1.455,1.721107,1.974,WPP
498,2029,1.443,1.720784,1.99,WPP
498,2030,1.429,1.719099,2.019,WPP
498,2031,1.413,1.717268,2.016,WPP
498,2032,1.41,1.715766,2.038,WPP
498,2033,1.398,1.714576,2.042,WPP
498,2034,1.372,1.712515,2.049,WPP
498,2035,1.378,1.711897,2.07,WPP
498,2036,1.357,1.708867,2.07,WPP
498,2037,1.34,1.708222,2.073,WPP
498,2038,1.332,1.70795,2.095,WPP
499,2024,1.61,1.798506,1.986,WPP
499,2025,1.579,1.795157,2.004,WPP
499,2026,1.555,1.793716,2.026,WPP
499,2027,1.537,1.789221,2.042,WPP
499,2028,1.528,1.787274,2.051,WPP
499,2029,1.51,1.78469,2.058,WPP
499,2030,1.491,1.781608,2.076,WPP
499,2031,1.476,1.778809,2.081,WPP
499,2032,1.46,1.774634,2.097,WPP
499,2033,1.451,1.770559,2.105,WPP
499,2034,1.434,1.766988,2.108,WPP
499,2035,1.425,1.763724,2.135,WPP
499,2036,1.407,1.759549,2.143,WPP
499,2037,1.394,1.757201,2.144,WPP
499,2038,1.376,1.753289,2.159,WPP
504,2022,2.299,2.255918,2.299,WPP
504,2023,1.875,2.230319,2.61,WPP
504,2024,1.801,2.207793,2.626,WPP
504,2025,1.731,2.183771,2.639,WPP
504,2026,1.678,2.161164,2.669,WPP
504,2027,1.642,2.138505,2.674,WPP
504,2028,1.603,2.119197,2.687,WPP
504,2029,1.56,2.100388,2.687,WPP
504,2030,1.549,2.084031,2.704,WPP
504,2031,1.492,2.063305,2.701,WPP
504,2032,1.465,2.046623,2.681,WPP
504,2033,1.416,2.031102,2.688,WPP
504,2034,1.403,2.015572,2.702,WPP
504,2035,1.378,2.002446,2.697,WPP
504,2036,1.353,1.987992,2.709,WPP
508,2022,4.84,4.83992,4.84,WPP
508,2023,4.011,4.762841,5.404,WPP
508,2024,3.866,4.690406,5.422,WPP
508,2025,3.683,4.619788,5.404,WPP
508,2026,3.555,4.542138,5.402,WPP
508,2027,3.369,4.457763,5.377,WPP
508,2028,3.185,4.390639,5.371,WPP
508,2029,3.041,4.304262,5.364,WPP
508,2030,2.896,4.225555,5.38,WPP
508,2031,2.786,4.140323,5.346,WPP
508,2032,2.663,4.056053,5.341,WPP
508,2033,2.539,3.970837,5.357,WPP
508,2034,2.415,3.894582,5.322,WPP
508,2035,2.298,3.816739,5.343,WPP
508,2036,2.216,3.745421,5.349,WPP
512,2023,2.285,2.525053,2.753,WPP
512,2024,2.195,2.508321,2.822,WPP
512,2025,2.108,2.478753,2.85,WPP
512,2026,2.029,2.44399,2.893,WPP
512,2027,1.956,2.406598,2.908,WPP
512,2028,1.867,2.368417,2.906,WPP
512,2029,1.81,2.331927,2.898,WPP
512,2030,1.74,2.293554,2.892,WPP
512,2031,1.692,2.25585,2.862,WPP
512,2032,1.63,2.22368,2.851,WPP
512,2033,1.585,2.191073,2.825,WPP
512,2034,1.516,2.162979,2.839,WPP
512,2035,1.485,2.138781,2.813,WPP
512,2036,1.449,2.11325,2.808,WPP
512,2037,1.424,2.092183,2.809,WPP
516,2017,3.511,3.511399,3.511,WPP
516,2018,3.462,3.461566,3.462,WPP
516,2019,3.404,3.403661,3.404,WPP
516,2020,3.349,3.349061,3.349,WPP
516,2021,3.303,3.30252,3.303,WPP
516,2022,3.248,3.24754,3.248,WPP
516,2023,2.548,3.211833,4.097,WPP
516,2024,2.476,3.211015,4.094,WPP
516,2025,2.421,3.168149,4.077,WPP
516,2026,2.354,3.129646,4.093,WPP
516,2027,2.32,3.092738,4.096,WPP
516,2028,2.271,3.055136,4.065,WPP
516,2029,2.186,3.016396,4.048,WPP
516,2030,2.151,2.976669,4.033,WPP
516,2031,2.089,2.942587,3.963,WPP
524,2021,2.029,2.02514,2.029,WPP
524,2022,2.008,2.002313,2.008,WPP
524,2023,1.698,1.984073,2.269,WPP
524,2024,1.623,1.961273,2.302,WPP
524,2025,1.563,1.938123,2.32,WPP
524,2026,1.51,1.919103,2.329,WPP
524,2027,1.472,1.902882,2.328,WPP
524,2028,1.433,1.889009,2.327,WPP
524,2029,1.385,1.875115,2.327,WPP
524,2030,1.366,1.860587,2.316,WPP
524,2031,1.328,1.846657,2.324,WPP
524,2032,1.307,1.836603,2.334,WPP
524,2033,1.277,1.826038,2.323,WPP
524,2034,1.241,1.816946,2.332,WPP
524,2035,1.201,1.805915,2.335,WPP
528,2024,1.291,1.433681,1.576,WPP
528,2025,1.266,1.440435,1.611,WPP
528,2026,1.236,1.443533,1.643,WPP
528,2027,1.213,1.446797,1.668,WPP
528,2028,1.193,1.450982,1.69,WPP
528,2029,1.186,1.454752,1.725,WPP
528,2030,1.167,1.460529,1.728,WPP
528,2031,1.161,1.464459,1.751,WPP
528,2032,1.148,1.46992,1.773,WPP
528,2033,1.129,1.470575,1.78,WPP
528,2034,1.131,1.475592,1.79,WPP
528,2035,1.114,1.47739,1.802,WPP
528,2036,1.113,1.478951,1.819,WPP
528,2037,1.098,1.480759,1.832,WPP
528,2038,1.103,1.484556,1.85,WPP
531,2021,1.651,1.076882,1.651,WPP
531,2022,1.647,1.07354,1.647,WPP
531,2023,0.801,1.073325,1.355,WPP
531,2024,0.766,1.071185,1.382,WPP
531,2025,0.729,1.06951,1.415,WPP
531,2026,0.712,1.072604,1.432,WPP
531,2027,0.696,1.076886,1.443,WPP
531,2028,0.66,1.081422,1.456,WPP
531,2029,0.647,1.088032,1.489,WPP
531,2030,0.648,1.094674,1.495,WPP
531,2031,0.647,1.10293,1.519,WPP
531,2032,0.65,1.110494,1.518,WPP
531,2033,0.661,1.117228,1.54,WPP
531,2034,0.658,1.122509,1.566,WPP
531,2035,0.638,1.129662,1.576,WPP
533,2022,1.179,1.615334,1.179,WPP
533,2023,1.287,1.602313,1.939,WPP
533,2024,1.272,1.605986,1.959,WPP
533,2025,1.256,1.604984,1.975,WPP
533,2026,1.234,1.605464,1.986,WPP
533,2027,1.219,1.606806,2.006,WPP
533,2028,1.213,1.606796,2.017,WPP
533,2029,1.195,1.608752,2.019,WPP
533,2030,1.187,1.609289,2.034,WPP
533,2031,1.178,1.607658,2.041,WPP
533,2032,1.19,1.606241,2.066,WPP
533,2033,1.17,1.604462,2.062,WPP
533,2034,1.145,1.606056,2.071,WPP
533,2035,1.139,1.604761,2.075,WPP
533,2036,1.145,1.605126,2.077,WPP
540,2022,2.001,1.997647,2.001,WPP
540,2023,1.707,1.980324,2.281,WPP
540,2024,1.635,1.963679,2.305,WPP
540,2025,1.575,1.944986,2.324,WPP
540,2026,1.512,1.929888,2.356,WPP
540,2027,1.473,1.917791,2.36,WPP
540,2028,1.426,1.906396,2.377,WPP
540,2029,1.398,1.893152,2.396,WPP
540,2030,1.364,1.881629,2.391,WPP
540,2031,1.341,1.874254,2.376,WPP
540,2032,1.315,1.86684,2.375,WPP
540,2033,1.316,1.858357,2.365,WPP
540,2034,1.293,1.851825,2.365,WPP
540,2035,1.263,1.846477,2.373,WPP
540,2036,1.267,1.839959,2.384,WPP
548,2021,3.735,3.695828,3.735,WPP
548,2022,3.697,3.646585,3.697,WPP
548,2023,2.907,3.595801,4.387,WPP
548,2024,2.816,3.569009,4.415,WPP
548,2025,2.73,3.532187,4.455,WPP
548,2026,2.654,3.498036,4.419,WPP
548,2027,2.563,3.460638,4.48,WPP
548,2028,2.494,3.423648,4.453,WPP
548,2029,2.41,3.387831,4.476,WPP
548,2030,2.346,3.353918,4.494,WPP
548,2031,2.286,3.318375,4.463,WPP
548,2032,2.242,3.281446,4.463,WPP
548,2033,2.195,3.248121,4.439,WPP
548,2034,2.145,3.214405,4.459,WPP
548,2035,2.117,3.184329,4.432,WPP
554,2023,1.533,1.667122,1.796,WPP
554,2024,1.455,1.659283,1.859,WPP
554,2025,1.385,1.646412,1.899,WPP
554,2026,1.327,1.639367,1.915,WPP
554,2027,1.269,1.633559,1.932,WPP
554,2028,1.222,1.628876,1.947,WPP
554,2029,1.19,1.624785,1.965,WPP
554,2030,1.164,1.619924,1.972,WPP
554,2031,1.15,1.620538,1.997,WPP
554,2032,1.129,1.619733,2.007,WPP
554,2033,1.131,1.617641,2.012,WPP
554,2034,1.121,1.616262,2.021,WPP
554,2035,1.114,1.61757,2.039,WPP
554,2036,1.108,1.61709,2.047,WPP
554,2037,1.098,1.615612,2.039,WPP
558,2011,2.575,2.55781,2.575,WPP
558,2012,2.55,2.527057,2.55,WPP
558,2013,2.526,2.491618,2.526,WPP
558,2014,2.503,2.463153,2.503,WPP
558,2015,2.48,2.434405,2.48,WPP
558,2016,2.455,2.406929,2.455,WPP
558,2017,2.43,2.378078,2.43,WPP
558,2018,2.404,2.347401,2.404,WPP
558,2019,2.377,2.321125,2.377,WPP
558,2020,2.349,2.298921,2.349,WPP
558,2021,2.321,2.265134,2.321,WPP
558,2022,2.284,2.239664,2.284,WPP
558,2023,1.622,2.217958,2.9,WPP
558,2024,1.595,2.20564,2.891,WPP
558,2025,1.555,2.181177,2.884,WPP
562,2022,6.135,6.135388,6.135,WPP
562,2023,5.504,6.061484,6.538,WPP
562,2024,5.257,5.935332,6.527,WPP
562,2025,4.985,5.786197,6.521,WPP
562,2026,4.723,5.644362,6.455,WPP
562,2027,4.418,5.494002,6.402,WPP
562,2028,4.209,5.347615,6.355,WPP
562,2029,3.94,5.217731,6.253,WPP
562,2030,3.673,5.08102,6.186,WPP
562,2031,3.455,4.933775,6.119,WPP
562,2032,3.262,4.80437,6.045,WPP
562,2033,3.052,4.692426,6.001,WPP
562,2034,2.93,4.55194,5.941,WPP
562,2035,2.729,4.442848,5.856,WPP
562,2036,2.609,4.32418,5.816,WPP
566,2022,4.552,4.552465,4.552,WPP
566,2023,3.762,4.481699,5.108,WPP
566,2024,3.58,4.381814,5.107,WPP
566,2025,3.429,4.296521,5.099,WPP
566,2026,3.223,4.204633,5.064,WPP
566,2027,3.069,4.102698,5.062,WPP
566,2028,2.901,4.006594,5.039,WPP
566,2029,2.734,3.919962,5.013,WPP
566,2030,2.594,3.821656,5.004,WPP
566,2031,2.473,3.733251,4.994,WPP
566,2032,2.321,3.651091,4.969,WPP
566,2033,2.25,3.561426,4.971,WPP
566,2034,2.148,3.483584,4.885,WPP
566,2035,2.078,3.409972,4.887,WPP
566,2036,2.025,3.341553,4.827,WPP
578,2024,1.264,1.410173,1.561,WPP
578,2025,1.232,1.414962,1.596,WPP
578,2026,1.214,1.418291,1.628,WPP
578,2027,1.196,1.42191,1.643,WPP
578,2028,1.183,1.426671,1.665,WPP
578,2029,1.161,1.430714,1.687,WPP
578,2030,1.148,1.435898,1.707,WPP
578,2031,1.128,1.439083,1.733,WPP
578,2032,1.117,1.443375,1.734,WPP
578,2033,1.116,1.447372,1.753,WPP
578,2034,1.1,1.452146,1.782,WPP
578,2035,1.098,1.454157,1.794,WPP
578,2036,1.085,1.45858,1.813,WPP
578,2037,1.079,1.463946,1.828,WPP
578,2038,1.077,1.465723,1.835,WPP
583,2010,3.236,3.270913,3.236,WPP
583,2011,3.18,3.223473,3.18,WPP
583,2012,3.13,3.18041,3.13,WPP
583,2013,3.087,3.133286,3.087,WPP
583,2014,3.032,3.090945,3.032,WPP
583,2015,2.971,3.04857,2.971,WPP
583,2016,2.942,3.000988,2.942,WPP
583,2017,2.893,2.957347,2.893,WPP
583,2018,2.84,2.922499,2.84,WPP
583,2019,2.801,2.883239,2.801,WPP
583,2020,2.754,2.852265,2.754,WPP
583,2021,2.711,2.817938,2.711,WPP
583,2022,2.669,2.784841,2.669,WPP
583,2023,2.016,2.748467,3.752,WPP
583,2024,1.95,2.742833,3.726,WPP
586,2022,3.41,3.661706,3.41,WPP
586,2023,3.237,3.605219,4.015,WPP
586,2024,3.097,3.546736,4.059,WPP
586,2025,2.979,3.495243,4.082,WPP
586,2026,2.862,3.442212,4.078,WPP
586,2027,2.763,3.389219,4.084,WPP
586,2028,2.651,3.341914,4.077,WPP
586,2029,2.558,3.298012,4.093,WPP
586,2030,2.48,3.254013,4.067,WPP
586,2031,2.417,3.20813,4.073,WPP
586,2032,2.334,3.164227,4.092,WPP
586,2033,2.254,3.123753,4.063,WPP
586,2034,2.176,3.081345,4.062,WPP
586,2035,2.123,3.043983,4.053,WPP
586,2036,2.068,3.006293,4.022,WPP
591,2022,1.976,2.139275,1.976,WPP
591,2023,1.839,2.119197,2.408,WPP
591,2024,1.765,2.106216,2.463,WPP
591,2025,1.704,2.089151,2.484,WPP
591,2026,1.649,2.072908,2.51,WPP
591,2027,1.621,2.056672,2.532,WPP
591,2028,1.581,2.041384,2.544,WPP
591,2029,1.525,2.023316,2.551,WPP
591,2030,1.494,2.007611,2.577,WPP
591,2031,1.472,1.99604,2.547,WPP
591,2032,1.457,1.986379,2.557,WPP
591,2033,1.427,1.973449,2.548,WPP
591,2034,1.405,1.962054,2.56,WPP
591,2035,1.367,1.953151,2.542,WPP
591,2036,1.337,1.945865,2.552,WPP
598,2017,3.432,3.431744,3.432,WPP
598,2018,3.382,3.381789,3.382,WPP
598,2019,3.322,3.321635,3.322,WPP
598,2020,3.274,3.274251,3.274,WPP
598,2021,3.215,3.214654,3.215,WPP
598,2022,3.165,3.164533,3.165,WPP
598,2023,2.21,3.099485,4.061,WPP
598,2024,2.16,3.071672,4.035,WPP
598,2025,2.085,3.027093,4.063,WPP
598,2026,2.027,2.98904,4.079,WPP
598,2027,1.999,2.951907,4.034,WPP
598,2028,1.956,2.917642,4.014,WPP
598,2029,1.919,2.879425,3.965,WPP
598,2030,1.852,2.84441,3.949,WPP
598,2031,1.812,2.809735,3.885,WPP
600,2016,2.624,2.624334,2.624,WPP
600,2017,2.591,2.591108,2.591,WPP
600,2018,2.561,2.561033,2.561,WPP
600,2019,2.525,2.524779,2.525,WPP
600,2020,2.497,2.496535,2.497,WPP
600,2021,2.469,2.468917,2.469,WPP
600,2022,2.444,2.44401,2.444,WPP
600,2023,1.884,2.422402,3.057,WPP
600,2024,1.836,2.415685,3.058,WPP
600,2025,1.792,2.394595,3.069,WPP
600,2026,1.745,2.371252,3.059,WPP
600,2027,1.698,2.351073,3.067,WPP
600,2028,1.652,2.331646,3.067,WPP
600,2029,1.636,2.312617,3.078,WPP
600,2030,1.596,2.294326,3.084,WPP
604,2022,2.004,2.003591,2.004,WPP
604,2023,1.699,1.980161,2.275,WPP
604,2024,1.634,1.964935,2.312,WPP
604,2025,1.572,1.943019,2.342,WPP
604,2026,1.526,1.924952,2.349,WPP
604,2027,1.475,1.910427,2.37,WPP
604,2028,1.408,1.897736,2.366,WPP
604,2029,1.396,1.883557,2.383,WPP
604,2030,1.344,1.870396,2.406,WPP
604,2031,1.325,1.858563,2.407,WPP
604,2032,1.317,1.849546,2.39,WPP
604,2033,1.287,1.8424,2.399,WPP
604,2034,1.266,1.834512,2.421,WPP
604,2035,1.235,1.827026,2.443,WPP
604,2036,1.231,1.8205,2.425,WPP
608,2022,1.929,1.928663,1.929,WPP
608,2023,1.585,1.915741,2.23,WPP
608,2024,1.518,1.893576,2.282,WPP
608,2025,1.462,1.876046,2.289,WPP
608,2026,1.424,1.862959,2.322,WPP
608,2027,1.374,1.850055,2.337,WPP
608,2028,1.329,1.839609,2.349,WPP
608,2029,1.324,1.828209,2.362,WPP
608,2030,1.263,1.818833,2.334,WPP
608,2031,1.246,1.810036,2.359,WPP
608,2032,1.245,1.805008,2.363,WPP
608,2033,1.228,1.801239,2.364,WPP
608,2034,1.211,1.798435,2.373,WPP
608,2035,1.225,1.793117,2.372,WPP
608,2036,1.215,1.788396,2.396,WPP
616,2024,1.144,1.303516,1.463,WPP
616,2025,1.119,1.308161,1.499,WPP
616,2026,1.105,1.312208,1.531,WPP
616,2027,1.076,1.317294,1.555,WPP
616,2028,1.067,1.322399,1.575,WPP
616,2029,1.051,1.326584,1.596,WPP
616,2030,1.036,1.330899,1.613,WPP
616,2031,1.025,1.331832,1.638,WPP
616,2032,1.013,1.338739,1.663,WPP
616,2033,1.016,1.343896,1.677,WPP
616,2034,1.005,1.348736,1.696,WPP
616,2035,1.0,1.352506,1.713,WPP
616,2036,1.001,1.357324,1.731,WPP
616,2037,0.987,1.358006,1.74,WPP
616,2038,0.948,1.362175,1.749,WPP
620,2024,1.343,1.514114,1.692,WPP
620,2025,1.314,1.518717,1.719,WPP
620,2026,1.291,1.523019,1.758,WPP
620,2027,1.268,1.52669,1.774,WPP
620,2028,1.261,1.527765,1.79,WPP
620,2029,1.248,1.530329,1.803,WPP
620,2030,1.225,1.53363,1.832,WPP
620,2031,1.214,1.535997,1.834,WPP
620,2032,1.187,1.539878,1.847,WPP
620,2033,1.19,1.543725,1.856,WPP
620,2034,1.179,1.545826,1.875,WPP
620,2035,1.166,1.550017,1.886,WPP
620,2036,1.169,1.55209,1.886,WPP
620,2037,1.171,1.554459,1.9,WPP
620,2038,1.172,1.55572,1.913,WPP
624,2021,4.005,3.997755,4.005,WPP
624,2022,3.925,3.910826,3.925,WPP
624,2023,3.051,3.836052,4.583,WPP
624,2024,2.895,3.7565,4.601,WPP
624,2025,2.748,3.681849,4.609,WPP
624,2026,2.609,3.617614,4.612,WPP
624,2027,2.47,3.557107,4.568,WPP
624,2028,2.361,3.496009,4.536,WPP
624,2029,2.269,3.435869,4.536,WPP
624,2030,2.175,3.369695,4.498,WPP
624,2031,2.113,3.311344,4.462,WPP
624,2032,2.014,3.251227,4.463,WPP
624,2033,1.984,3.197361,4.435,WPP
624,2034,1.94,3.14716,4.441,WPP
624,2035,1.884,3.090236,4.406,WPP
626,2022,3.047,2.80081,3.047,WPP
626,2023,2.004,2.707393,3.541,WPP
626,2024,1.891,2.627456,3.525,WPP
626,2025,1.82,2.561418,3.512,WPP
626,2026,1.749,2.500385,3.469,WPP
626,2027,1.709,2.447911,3.447,WPP
626,2028,1.639,2.400666,3.396,WPP
626,2029,1.609,2.361047,3.384,WPP
626,2030,1.582,2.320075,3.357,WPP
626,2031,1.538,2.285479,3.282,WPP
626,2032,1.502,2.255321,3.247,WPP
626,2033,1.462,2.222182,3.225,WPP
626,2034,1.423,2.192129,3.209,WPP
626,2035,1.39,2.166796,3.211,WPP
626,2036,1.378,2.139871,3.178,WPP
630,2023,0.835,0.941266,1.047,WPP
630,2024,0.772,0.938993,1.103,WPP
630,2025,0.728,0.936924,1.148,WPP
630,2026,0.686,0.940099,1.179,WPP
630,2027,0.655,0.946205,1.21,WPP
630,2028,0.625,0.954817,1.239,WPP
630,2029,0.606,0.962446,1.26,WPP
630,2030,0.603,0.970653,1.287,WPP
630,2031,0.601,0.978826,1.314,WPP
630,2032,0.593,0.988816,1.328,WPP
630,2033,0.598,0.999703,1.351,WPP
630,2034,0.601,1.008619,1.382,WPP
630,2035,0.611,1.016622,1.39,WPP
630,2036,0.62,1.025,1.407,WPP
630,2037,0.616,1.032718,1.427,WPP
634,2022,1.781,1.739404,1.781,WPP
634,2023,1.458,1.729239,1.997,WPP
634,2024,1.388,1.716967,2.029,WPP
634,2025,1.336,1.702745,2.058,WPP
634,2026,1.279,1.690769,2.067,WPP
634,2027,1.233,1.681208,2.069,WPP
634,2028,1.191,1.671635,2.092,WPP
634,2029,1.17,1.663648,2.102,WPP
634,2030,1.146,1.655348,2.107,WPP
634,2031,1.117,1.649311,2.099,WPP
634,2032,1.099,1.644633,2.114,WPP
634,2033,1.092,1.642851,2.121,WPP
634,2034,1.074,1.64076,2.125,WPP
634,2035,1.074,1.634854,2.119,WPP
634,2036,1.066,1.633502,2.135,WPP
638,2022,2.224,2.186756,2.224,WPP
638,2023,1.936,2.174242,2.42,WPP
638,2024,1.852,2.151448,2.465,WPP
638,2025,1.773,2.131644,2.485,WPP
638,2026,1.714,2.115396,2.52,WPP
638,2027,1.652,2.099809,2.508,WPP
638,2028,1.617,2.081712,2.527,WPP
638,2029,1.557,2.066187,2.56,WPP
638,2030,1.523,2.052233,2.53,WPP
638,2031,1.484,2.038005,2.542,WPP
638,2032,1.479,2.026222,2.53,WPP
638,2033,1.456,2.013769,2.542,WPP
638,2034,1.439,2.001443,2.542,WPP
638,2035,1.416,1.993718,2.542,WPP
638,2036,1.404,1.985535,2.555,WPP
642,2024,1.524,1.711074,1.888,WPP
642,2025,1.502,1.708665,1.902,WPP
642,2026,1.487,1.707027,1.926,WPP
642,2027,1.472,1.704142,1.934,WPP
642,2028,1.455,1.702367,1.948,WPP
642,2029,1.432,1.700067,1.97,WPP
642,2030,1.421,1.700879,1.989,WPP
642,2031,1.415,1.699777,2.005,WPP
642,2032,1.382,1.700526,1.997,WPP
642,2033,1.384,1.697641,2.015,WPP
642,2034,1.381,1.696286,2.021,WPP
642,2035,1.377,1.693949,2.032,WPP
642,2036,1.362,1.69419,2.042,WPP
642,2037,1.354,1.694169,2.044,WPP
642,2038,1.343,1.693115,2.049,WPP
643,2024,1.305,1.457016,1.609,WPP
643,2025,1.281,1.464712,1.649,WPP
643,2026,1.256,1.469919,1.683,WPP
643,2027,1.243,1.474321,1.716,WPP
643,2028,1.229,1.478731,1.734,WPP
643,2029,1.204,1.482337,1.748,WPP
643,2030,1.207,1.486483,1.775,WPP
643,2031,1.195,1.489207,1.791,WPP
643,2032,1.169,1.493533,1.81,WPP
643,2033,1.167,1.497431,1.826,WPP
643,2034,1.15,1.500519,1.853,WPP
643,2035,1.143,1.501759,1.861,WPP
643,2036,1.139,1.505998,1.87,WPP
643,2037,1.132,1.507448,1.858,WPP
643,2038,1.126,1.511034,1.886,WPP
646,2023,3.163,3.698187,4.283,WPP
646,2024,3.037,3.644585,4.297,WPP
646,2025,2.921,3.589497,4.299,WPP
646,2026,2.8,3.53737,4.319,WPP
646,2027,2.733,3.486803,4.289,WPP
646,2028,2.652,3.432236,4.28,WPP
646,2029,2.576,3.379098,4.225,WPP
646,2030,2.453,3.328594,4.205,WPP
646,2031,2.354,3.282996,4.235,WPP
646,2032,2.312,3.238748,4.213,WPP
646,2033,2.241,3.193912,4.184,WPP
646,2034,2.173,3.151144,4.158,WPP
646,2035,2.127,3.111884,4.144,WPP
646,2036,2.073,3.072237,4.112,WPP
646,2037,2.022,3.033005,4.109,WPP
662,2021,1.399,1.398968,1.399,WPP
662,2022,1.387,1.387424,1.387,WPP
662,2023,0.954,1.379442,1.867,WPP
662,2024,0.931,1.385145,1.896,WPP
662,2025,0.909,1.375362,1.924,WPP
662,2026,0.885,1.369773,1.913,WPP
662,2027,0.853,1.365516,1.909,WPP
662,2028,0.826,1.3648,1.924,WPP
662,2029,0.816,1.365125,1.925,WPP
662,2030,0.824,1.366324,1.95,WPP
662,2031,0.806,1.368391,1.969,WPP
662,2032,0.781,1.372237,1.958,WPP
662,2033,0.79,1.373632,1.957,WPP
662,2034,0.793,1.375267,1.969,WPP
662,2035,0.771,1.377054,1.948,WPP
670,2022,1.778,1.791272,1.778,WPP
670,2023,1.47,1.775314,2.086,WPP
670,2024,1.416,1.761262,2.122,WPP
670,2025,1.369,1.746113,2.14,WPP
670,2026,1.313,1.730555,2.141,WPP
670,2027,1.263,1.720316,2.154,WPP
670,2028,1.23,1.712212,2.157,WPP
670,2029,1.197,1.706322,2.154,WPP
670,2030,1.19,1.70091,2.155,WPP
670,2031,1.171,1.695579,2.146,WPP
670,2032,1.158,1.690222,2.153,WPP
670,2033,1.133,1.685877,2.144,WPP
670,2034,1.115,1.683102,2.148,WPP
670,2035,1.101,1.680638,2.159,WPP
670,2036,1.1,1.678433,2.168,WPP
678,2021,3.823,3.758842,3.823,WPP
678,2022,3.751,3.694801,3.751,WPP
678,2023,3.002,3.644427,4.254,WPP
678,2024,2.885,3.596024,4.26,WPP
678,2025,2.741,3.525757,4.265,WPP
678,2026,2.645,3.469645,4.3,WPP
678,2027,2.539,3.417852,4.244,WPP
678,2028,2.449,3.359364,4.243,WPP
678,2029,2.326,3.317068,4.231,WPP
678,2030,2.232,3.26019,4.269,WPP
678,2031,2.146,3.213693,4.218,WPP
678,2032,2.098,3.16929,4.235,WPP
678,2033,2.019,3.128331,4.265,WPP
678,2034,1.95,3.090349,4.212,WPP
678,2035,1.944,3.043901,4.198,WPP
682,2023,2.069,2.280337,2.513,WPP
682,2024,2.009,2.307947,2.602,WPP
682,2025,1.932,2.292255,2.669,WPP
682,2026,1.867,2.269769,2.704,WPP
682,2027,1.789,2.24592,2.71,WPP
682,2028,1.749,2.222149,2.745,WPP
682,2029,1.693,2.196102,2.757,WPP
682,2030,1.643,2.171547,2.762,WPP
682,2031,1.58,2.149126,2.77,WPP
682,2032,1.564,2.125252,2.74,WPP
682,2033,1.524,2.105353,2.768,WPP
682,2034,1.473,2.08692,2.759,WPP
682,2035,1.429,2.069733,2.813,WPP
682,2036,1.433,2.050503,2.785,WPP
682,2037,1.392,2.030704,2.767,WPP
686,2021,3.936,3.936116,3.936,WPP
686,2022,3.864,3.864102,3.864,WPP
686,2023,3.209,3.818488,4.43,WPP
686,2024,3.082,3.765148,4.426,WPP
686,2025,2.959,3.712584,4.427,WPP
686,2026,2.873,3.658575,4.444,WPP
686,2027,2.786,3.612568,4.482,WPP
686,2028,2.672,3.573435,4.454,WPP
686,2029,2.578,3.529723,4.445,WPP
686,2030,2.492,3.488311,4.447,WPP
686,2031,2.412,3.437343,4.448,WPP
686,2032,2.33,3.398616,4.432,WPP
686,2033,2.248,3.354938,4.483,WPP
686,2034,2.189,3.320511,4.438,WPP
686,2035,2.149,3.281757,4.465,WPP
688,2024,1.322,1.499081,1.689,WPP
688,2025,1.296,1.502892,1.716,WPP
688,2026,1.275,1.505133,1.736,WPP
688,2027,1.256,1.508591,1.752,WPP
688,2028,1.23,1.511653,1.774,WPP
688,2029,1.214,1.514017,1.791,WPP
688,2030,1.192,1.516472,1.816,WPP
688,2031,1.187,1.518629,1.817,WPP
688,2032,1.167,1.523042,1.834,WPP
688,2033,1.179,1.526244,1.857,WPP
688,2034,1.165,1.528951,1.855,WPP
688,2035,1.162,1.533103,1.881,WPP
688,2036,1.147,1.534913,1.895,WPP
688,2037,1.14,1.537265,1.898,WPP
688,2038,1.147,1.540097,1.917,WPP
690,2018,2.45,2.291198,2.45,WPP
690,2019,2.416,2.261953,2.416,WPP
690,2020,2.377,2.226892,2.377,WPP
690,2021,2.348,2.199492,2.348,WPP
690,2022,2.313,2.166334,2.313,WPP
690,2023,1.702,2.133417,2.595,WPP
690,2024,1.652,2.109343,2.601,WPP
690,2025,1.58,2.083395,2.613,WPP
690,2026,1.529,2.059127,2.628,WPP
690,2027,1.483,2.039326,2.637,WPP
690,2028,1.442,2.017357,2.65,WPP
690,2029,1.402,1.999175,2.612,WPP
690,2030,1.365,1.983159,2.622,WPP
690,2031,1.347,1.967537,2.602,WPP
690,2032,1.333,1.955331,2.584,WPP
694,2021,3.978,3.977906,3.978,WPP
694,2022,3.876,3.875841,3.876,WPP
694,2023,2.831,3.791387,4.632,WPP
694,2024,2.686,3.703373,4.625,WPP
694,2025,2.52,3.608881,4.612,WPP
694,2026,2.43,3.531827,4.552,WPP
694,2027,2.303,3.465584,4.491,WPP
694,2028,2.238,3.373696,4.464,WPP
694,2029,2.123,3.298742,4.433,WPP
694,2030,2.077,3.234988,4.4,WPP
694,2031,2.005,3.176993,4.366,WPP
694,2032,1.949,3.12213,4.36,WPP
694,2033,1.894,3.069984,4.366,WPP
694,2034,1.861,3.020127,4.329,WPP
694,2035,1.838,2.97238,4.295,WPP
702,2025,0.771,0.963042,1.154,WPP
702,2026,0.751,0.971913,1.182,WPP
702,2027,0.739,0.980617,1.214,WPP
702,2028,0.725,0.990987,1.255,WPP
702,2029,0.709,0.997334,1.285,WPP
702,2030,0.698,1.005622,1.296,WPP
702,2031,0.687,1.011207,1.32,WPP
702,2032,0.676,1.018738,1.335,WPP
702,2033,0.67,1.027871,1.375,WPP
702,2034,0.66,1.035979,1.396,WPP
702,2035,0.646,1.043728,1.422,WPP
702,2036,0.656,1.052761,1.437,WPP
702,2037,0.644,1.060444,1.441,WPP
702,2038,0.652,1.067782,1.475,WPP
702,2039,0.642,1.073475,1.486,WPP
703,2024,1.378,1.562797,1.743,WPP
703,2025,1.354,1.568253,1.776,WPP
703,2026,1.341,1.571304,1.807,WPP
703,2027,1.323,1.572888,1.815,WPP
703,2028,1.311,1.576263,1.836,WPP
703,2029,1.305,1.577382,1.854,WPP
703,2030,1.289,1.578376,1.859,WPP
703,2031,1.275,1.580135,1.876,WPP
703,2032,1.275,1.583404,1.882,WPP
703,2033,1.261,1.58666,1.906,WPP
703,2034,1.258,1.588343,1.91,WPP
703,2035,1.251,1.589147,1.909,WPP
703,2036,1.237,1.589568,1.929,WPP
703,2037,1.234,1.592467,1.952,WPP
703,2038,1.233,1.59446,1.959,WPP
704,2021,1.944,1.942319,1.944,WPP
704,2022,1.941,1.927295,1.941,WPP
704,2023,1.597,1.912509,2.242,WPP
704,2024,1.538,1.894969,2.238,WPP
704,2025,1.489,1.878322,2.256,WPP
704,2026,1.432,1.864243,2.266,WPP
704,2027,1.405,1.849976,2.264,WPP
704,2028,1.372,1.837966,2.25,WPP
704,2029,1.357,1.827856,2.246,WPP
704,2030,1.33,1.819508,2.244,WPP
704,2031,1.302,1.808308,2.225,WPP
704,2032,1.267,1.799221,2.239,WPP
704,2033,1.271,1.792784,2.249,WPP
704,2034,1.238,1.787902,2.24,WPP
704,2035,1.236,1.783532,2.232,WPP
705,2024,1.428,1.576327,1.722,WPP
705,2025,1.412,1.577982,1.76,WPP
705,2026,1.383,1.579956,1.785,WPP
705,2027,1.365,1.580659,1.811,WPP
705,2028,1.337,1.582394,1.829,WPP
705,2029,1.33,1.582467,1.852,WPP
705,2030,1.304,1.586909,1.868,WPP
705,2031,1.292,1.5873,1.885,WPP
705,2032,1.283,1.588148,1.904,WPP
705,2033,1.261,1.589316,1.918,WPP
705,2034,1.256,1.590028,1.932,WPP
705,2035,1.242,1.591509,1.945,WPP
705,2036,1.231,1.592292,1.946,WPP
705,2037,1.225,1.592663,1.961,WPP
705,2038,1.193,1.593701,1.974,WPP
706,2021,6.312,6.353231,6.312,WPP
706,2022,6.202,6.255201,6.202,WPP
706,2023,5.011,6.131919,6.875,WPP
706,2024,4.737,6.013111,6.861,WPP
706,2025,4.482,5.912104,6.857,WPP
706,2026,4.262,5.804646,6.849,WPP
706,2027,4.046,5.681245,6.839,WPP
706,2028,3.871,5.578944,6.81,WPP
706,2029,3.698,5.470666,6.787,WPP
706,2030,3.533,5.351484,6.724,WPP
706,2031,3.329,5.250492,6.737,WPP
706,2032,3.157,5.135151,6.714,WPP
706,2033,3.062,5.044786,6.687,WPP
706,2034,2.908,4.93874,6.642,WPP
706,2035,2.785,4.841063,6.627,WPP
710,2022,2.341,2.227299,2.341,WPP
710,2023,1.807,2.21572,2.652,WPP
710,2024,1.748,2.204955,2.694,WPP
710,2025,1.676,2.186313,2.712,WPP
710,2026,1.639,2.166198,2.716,WPP
710,2027,1.598,2.150371,2.734,WPP
710,2028,1.581,2.133993,2.746,WPP
710,2029,1.542,2.119037,2.755,WPP
710,2030,1.509,2.100977,2.776,WPP
710,2031,1.48,2.086272,2.788,WPP
710,2032,1.47,2.074143,2.762,WPP
710,2033,1.453,2.062511,2.743,WPP
710,2034,1.432,2.050611,2.764,WPP
710,2035,1.413,2.038216,2.774,WPP
710,2036,1.407,2.026749,2.77,WPP
716,2022,3.437,3.767446,3.437,WPP
716,2023,3.301,3.723928,4.167,WPP
716,2024,3.178,3.674,4.206,WPP
716,2025,3.073,3.621563,4.214,WPP
716,2026,2.973,3.568712,4.222,WPP
716,2027,2.866,3.518173,4.236,WPP
716,2028,2.788,3.47297,4.21,WPP
716,2029,2.695,3.425048,4.226,WPP
716,2030,2.591,3.378346,4.24,WPP
716,2031,2.518,3.333938,4.229,WPP
716,2032,2.443,3.291463,4.228,WPP
716,2033,2.365,3.245921,4.216,WPP
716,2034,2.291,3.205084,4.183,WPP
716,2035,2.234,3.166684,4.186,WPP
716,2036,2.164,3.128736,4.152,WPP
724,2024,1.054,1.221255,1.379,WPP
724,2025,1.03,1.229907,1.429,WPP
724,2026,1.018,1.238538,1.456,WPP
724,2027,1.007,1.244439,1.483,WPP
724,2028,0.993,1.251537,1.502,WPP
724,2029,0.973,1.258118,1.532,WPP
724,2030,0.953,1.262874,1.553,WPP
724,2031,0.929,1.26871,1.565,WPP
724,2032,0.922,1.275149,1.584,WPP
724,2033,0.924,1.27968,1.6,WPP
724,2034,0.924,1.285348,1.623,WPP
724,2035,0.9,1.28925,1.638,WPP
724,2036,0.908,1.295171,1.656,WPP
724,2037,0.903,1.299549,1.669,WPP
724,2038,0.9,1.304419,1.684,WPP
728,2011,5.286,5.192618,5.286,WPP
728,2012,5.197,5.06124,5.197,WPP
728,2013,5.108,4.939116,5.108,WPP
728,2014,5.022,4.818304,5.022,WPP
728,2015,4.937,4.695082,4.937,WPP
728,2016,4.855,4.578733,4.855,WPP
728,2017,4.775,4.482643,4.775,WPP
728,2018,4.696,4.370492,4.696,WPP
728,2019,4.619,4.260125,4.619,WPP
728,2020,4.543,4.16029,4.543,WPP
728,2021,4.469,4.047403,4.469,WPP
728,2022,4.337,3.963859,4.337,WPP
728,2023,2.523,3.863771,5.133,WPP
728,2024,2.427,3.785015,5.109,WPP
728,2025,2.338,3.707823,5.058,WPP
740,2022,2.322,2.273917,2.322,WPP
740,2023,1.981,2.249287,2.541,WPP
740,2024,1.882,2.231083,2.59,WPP
740,2025,1.825,2.210784,2.637,WPP
740,2026,1.749,2.187592,2.668,WPP
740,2027,1.711,2.164712,2.698,WPP
740,2028,1.648,2.145141,2.732,WPP
740,2029,1.603,2.128165,2.77,WPP
740,2030,1.559,2.110341,2.774,WPP
740,2031,1.519,2.094587,2.749,WPP
740,2032,1.474,2.078497,2.762,WPP
740,2033,1.457,2.062044,2.731,WPP
740,2034,1.432,2.048843,2.72,WPP
740,2035,1.426,2.037159,2.731,WPP
740,2036,1.408,2.023772,2.734,WPP
748,2017,3.015,3.017648,3.015,WPP
748,2018,2.962,2.971429,2.962,WPP
748,2019,2.921,2.925298,2.921,WPP
748,2020,2.89,2.888158,2.89,WPP
748,2021,2.839,2.840823,2.839,WPP
748,2022,2.785,2.801221,2.785,WPP
748,2023,2.103,2.752517,3.394,WPP
748,2024,2.047,2.718116,3.393,WPP
748,2025,1.981,2.679802,3.401,WPP
748,2026,1.915,2.643309,3.407,WPP
748,2027,1.877,2.606999,3.395,WPP
748,2028,1.824,2.574471,3.399,WPP
748,2029,1.781,2.544491,3.383,WPP
748,2030,1.747,2.512992,3.371,WPP
748,2031,1.695,2.484918,3.348,WPP
752,2024,1.287,1.434209,1.582,WPP
752,2025,1.263,1.439893,1.616,WPP
752,2026,1.236,1.444512,1.651,WPP
752,2027,1.216,1.449649,1.68,WPP
752,2028,1.201,1.453599,1.697,WPP
752,2029,1.188,1.456544,1.714,WPP
752,2030,1.183,1.461355,1.742,WPP
752,2031,1.175,1.464736,1.763,WPP
752,2032,1.159,1.469852,1.772,WPP
752,2033,1.146,1.473789,1.78,WPP
752,2034,1.133,1.476201,1.802,WPP
752,2035,1.129,1.479088,1.818,WPP
752,2036,1.124,1.481227,1.837,WPP
752,2037,1.112,1.484636,1.835,WPP
752,2038,1.101,1.487289,1.847,WPP
756,2024,1.287,1.43825,1.588,WPP
756,2025,1.264,1.442553,1.617,WPP
756,2026,1.24,1.446601,1.648,WPP
756,2027,1.221,1.449866,1.677,WPP
756,2028,1.207,1.451806,1.702,WPP
756,2029,1.197,1.453801,1.699,WPP
756,2030,1.178,1.458246,1.729,WPP
756,2031,1.176,1.464721,1.757,WPP
756,2032,1.172,1.469527,1.774,WPP
756,2033,1.155,1.473122,1.781,WPP
756,2034,1.148,1.476071,1.789,WPP
756,2035,1.126,1.478971,1.804,WPP
756,2036,1.121,1.48351,1.82,WPP
756,2037,1.122,1.488006,1.83,WPP
756,2038,1.112,1.488709,1.83,WPP
760,2008,3.613,3.480823,3.613,WPP
760,2009,3.514,3.415023,3.514,WPP
760,2010,3.404,3.355038,3.404,WPP
760,2011,3.283,3.284793,3.283,WPP
760,2012,3.215,3.221441,3.215,WPP
760,2013,3.17,3.164726,3.17,WPP
760,2014,3.101,3.116803,3.101,WPP
760,2015,3.049,3.067206,3.049,WPP
760,2016,2.994,3.01153,2.994,WPP
760,2017,2.939,2.971899,2.939,WPP
760,2018,2.886,2.931594,2.886,WPP
760,2019,2.835,2.877629,2.835,WPP
760,2020,2.798,2.837292,2.798,WPP
760,2021,2.747,2.797998,2.747,WPP
760,2022,2.704,2.746026,2.704,WPP
762,2021,3.186,3.16958,3.186,WPP
762,2022,3.141,3.126816,3.141,WPP
762,2023,2.54,3.072325,3.675,WPP
762,2024,2.443,3.035627,3.689,WPP
762,2025,2.357,2.994279,3.689,WPP
762,2026,2.289,2.960273,3.701,WPP
762,2027,2.219,2.92629,3.705,WPP
762,2028,2.169,2.894737,3.691,WPP
762,2029,2.11,2.859831,3.672,WPP
762,2030,2.066,2.827493,3.69,WPP
762,2031,1.992,2.795891,3.678,WPP
762,2032,1.959,2.762335,3.692,WPP
762,2033,1.904,2.731654,3.681,WPP
762,2034,1.882,2.703117,3.697,WPP
762,2035,1.834,2.676697,3.658,WPP
764,2023,1.009,1.212465,1.427,WPP
764,2024,0.953,1.203514,1.467,WPP
764,2025,0.896,1.194534,1.493,WPP
764,2026,0.861,1.191298,1.518,WPP
764,2027,0.835,1.190837,1.525,WPP
764,2028,0.804,1.19359,1.545,WPP
764,2029,0.779,1.195293,1.56,WPP
764,2030,0.761,1.199893,1.564,WPP
764,2031,0.76,1.205276,1.598,WPP
764,2032,0.743,1.210047,1.61,WPP
764,2033,0.737,1.215034,1.619,WPP
764,2034,0.75,1.218582,1.632,WPP
764,2035,0.744,1.224316,1.65,WPP
764,2036,0.747,1.229426,1.66,WPP
764,2037,0.748,1.234142,1.678,WPP
768,2017,4.503,4.576231,4.503,WPP
768,2018,4.442,4.513072,4.442,WPP
768,2019,4.385,4.450408,4.385,WPP
768,2020,4.323,4.386312,4.323,WPP
768,2021,4.257,4.323871,4.257,WPP
768,2022,4.196,4.253183,4.196,WPP
768,2023,3.394,4.192401,4.978,WPP
768,2024,3.287,4.121673,4.969,WPP
768,2025,3.173,4.067086,4.935,WPP
768,2026,3.072,4.008941,4.949,WPP
768,2027,2.946,3.954644,4.915,WPP
768,2028,2.866,3.894699,4.887,WPP
768,2029,2.783,3.84196,4.889,WPP
768,2030,2.703,3.792216,4.862,WPP
768,2031,2.608,3.748034,4.857,WPP
776,2022,3.193,3.171242,3.193,WPP
776,2023,2.534,3.12947,3.742,WPP
776,2024,2.448,3.099748,3.759,WPP
776,2025,2.384,3.065731,3.783,WPP
776,2026,2.299,3.041292,3.753,WPP
776,2027,2.227,2.998433,3.773,WPP
776,2028,2.173,2.972222,3.756,WPP
776,2029,2.108,2.949246,3.775,WPP
776,2030,2.063,2.913976,3.787,WPP
776,2031,2.027,2.888384,3.798,WPP
776,2032,1.974,2.852464,3.797,WPP
776,2033,1.943,2.822934,3.79,WPP
776,2034,1.898,2.796088,3.777,WPP
776,2035,1.87,2.772772,3.79,WPP
776,2036,1.82,2.746055,3.763,WPP
780,2012,1.711,1.608794,1.711,WPP
780,2013,1.703,1.602817,1.703,WPP
780,2014,1.693,1.601599,1.693,WPP
780,2015,1.682,1.598178,1.682,WPP
780,2016,1.678,1.600574,1.678,WPP
780,2017,1.662,1.593752,1.662,WPP
780,2018,1.651,1.588475,1.651,WPP
780,2019,1.643,1.578451,1.643,WPP
780,2020,1.631,1.572428,1.631,WPP
780,2021,1.626,1.558582,1.626,WPP
780,2022,1.614,1.544061,1.614,WPP
780,2023,1.012,1.531505,2.101,WPP
780,2024,0.987,1.535609,2.113,WPP
780,2025,0.965,1.523257,2.127,WPP
780,2026,0.961,1.517571,2.12,WPP
784,2023,0.938,1.2,1.47,WPP
784,2024,0.911,1.21314,1.52,WPP
784,2025,0.873,1.206828,1.543,WPP
784,2026,0.849,1.207874,1.571,WPP
784,2027,0.822,1.211106,1.581,WPP
784,2028,0.81,1.216815,1.598,WPP
784,2029,0.792,1.220773,1.618,WPP
784,2030,0.794,1.225751,1.64,WPP
784,2031,0.783,1.233727,1.653,WPP
784,2032,0.783,1.240628,1.669,WPP
784,2033,0.774,1.246875,1.698,WPP
784,2034,0.776,1.253599,1.709,WPP
784,2035,0.758,1.258203,1.727,WPP
784,2036,0.76,1.2644,1.729,WPP
784,2037,0.751,1.268872,1.723,WPP
788,2022,1.653,1.846824,1.653,WPP
788,2023,1.536,1.832274,2.129,WPP
788,2024,1.474,1.818107,2.161,WPP
788,2025,1.411,1.804299,2.181,WPP
788,2026,1.352,1.791197,2.184,WPP
788,2027,1.308,1.779252,2.207,WPP
788,2028,1.273,1.770995,2.218,WPP
788,2029,1.247,1.762889,2.225,WPP
788,2030,1.23,1.755399,2.216,WPP
788,2031,1.223,1.748149,2.224,WPP
788,2032,1.186,1.742791,2.236,WPP
788,2033,1.186,1.737902,2.229,WPP
788,2034,1.181,1.73402,2.225,WPP
788,2035,1.169,1.729788,2.213,WPP
788,2036,1.175,1.727635,2.222,WPP
792,2025,1.363,1.619535,1.873,WPP
792,2026,1.328,1.61932,1.895,WPP
792,2027,1.316,1.616361,1.916,WPP
792,2028,1.291,1.616358,1.932,WPP
792,2029,1.264,1.614136,1.952,WPP
792,2030,1.255,1.612981,1.95,WPP
792,2031,1.241,1.61299,1.962,WPP
792,2032,1.237,1.612422,1.984,WPP
792,2033,1.235,1.611586,1.983,WPP
792,2034,1.221,1.611137,1.982,WPP
792,2035,1.223,1.611584,1.996,WPP
792,2036,1.181,1.611953,2.002,WPP
792,2037,1.199,1.611209,2.019,WPP
792,2038,1.183,1.613565,2.034,WPP
792,2039,1.181,1.61269,2.053,WPP
795,2021,2.667,2.753774,2.667,WPP
795,2022,2.617,2.727647,2.617,WPP
795,2023,2.18,2.69008,3.248,WPP
795,2024,2.109,2.660847,3.239,WPP
795,2025,2.047,2.628319,3.254,WPP
795,2026,1.986,2.596664,3.282,WPP
795,2027,1.947,2.565535,3.261,WPP
795,2028,1.897,2.536732,3.247,WPP
795,2029,1.854,2.510224,3.248,WPP
795,2030,1.81,2.485493,3.26,WPP
795,2031,1.766,2.457538,3.253,WPP
795,2032,1.731,2.433877,3.256,WPP
795,2033,1.727,2.410301,3.257,WPP
795,2034,1.701,2.390369,3.236,WPP
795,2035,1.664,2.368952,3.232,WPP
800,2018,4.932,4.86698,4.932,WPP
800,2019,4.809,4.744273,4.809,WPP
800,2020,4.693,4.621059,4.693,WPP
800,2021,4.585,4.510315,4.585,WPP
800,2022,4.468,4.388459,4.468,WPP
800,2023,3.439,4.282888,4.978,WPP
800,2024,3.286,4.164925,4.975,WPP
800,2025,3.09,4.062905,4.945,WPP
800,2026,2.884,3.969049,4.909,WPP
800,2027,2.727,3.873994,4.876,WPP
800,2028,2.604,3.785016,4.819,WPP
800,2029,2.506,3.693556,4.801,WPP
800,2030,2.39,3.613382,4.76,WPP
800,2031,2.251,3.53256,4.736,WPP
800,2032,2.146,3.447924,4.695,WPP
804,2021,1.148,1.147523,1.148,WPP
804,2022,0.897,0.897,0.897,WPP
804,2023,0.795,0.977,1.153,WPP
804,2024,0.775,0.987888,1.197,WPP
804,2025,0.767,0.996661,1.221,WPP
804,2026,0.751,1.003688,1.244,WPP
804,2027,0.725,1.010602,1.275,WPP
804,2028,0.719,1.018345,1.296,WPP
804,2029,0.709,1.023075,1.32,WPP
804,2030,0.697,1.031064,1.347,WPP
804,2031,0.686,1.0378,1.368,WPP
804,2032,0.684,1.042782,1.38,WPP
804,2033,0.677,1.048447,1.4,WPP
804,2034,0.666,1.052981,1.408,WPP
804,2035,0.655,1.058443,1.42,WPP
818,2021,2.75,2.75,2.75,WPP
818,2022,2.75,2.75,2.75,WPP
818,2023,2.331,2.75,3.207,WPP
818,2024,2.268,2.735141,3.24,WPP
818,2025,2.171,2.70828,3.257,WPP
818,2026,2.125,2.682862,3.284,WPP
818,2027,2.063,2.657925,3.295,WPP
818,2028,2.013,2.63268,3.318,WPP
818,2029,1.956,2.6102,3.317,WPP
818,2030,1.898,2.587753,3.345,WPP
818,2031,1.861,2.565495,3.322,WPP
818,2032,1.82,2.544516,3.339,WPP
818,2033,1.787,2.523241,3.355,WPP
818,2034,1.747,2.501463,3.372,WPP
818,2035,1.707,2.479697,3.365,WPP
826,2022,1.56,1.56,1.56,WPP
826,2023,1.357,1.56,1.77,WPP
826,2024,1.282,1.551128,1.83,WPP
826,2025,1.212,1.53889,1.86,WPP
826,2026,1.164,1.531712,1.882,WPP
826,2027,1.13,1.526819,1.891,WPP
826,2028,1.111,1.525086,1.922,WPP
826,2029,1.076,1.52439,1.942,WPP
826,2030,1.065,1.524908,1.95,WPP
826,2031,1.039,1.524467,1.945,WPP
826,2032,1.015,1.525381,1.962,WPP
826,2033,1.026,1.52528,1.984,WPP
826,2034,1.017,1.52658,2.004,WPP
826,2035,1.021,1.528001,2.003,WPP
826,2036,1.005,1.527802,1.998,WPP
832,2023,1.167,1.370603,1.571,WPP
832,2024,1.155,1.373992,1.601,WPP
832,2025,1.131,1.380684,1.624,WPP
832,2026,1.124,1.383406,1.638,WPP
832,2027,1.112,1.392348,1.68,WPP
832,2028,1.097,1.397962,1.681,WPP
832,2029,1.093,1.403933,1.699,WPP
832,2030,1.079,1.408973,1.705,WPP
832,2031,1.064,1.414076,1.721,WPP
832,2032,1.057,1.418234,1.738,WPP
832,2033,1.035,1.420186,1.759,WPP
832,2034,1.027,1.424247,1.769,WPP
832,2035,1.032,1.427015,1.782,WPP
832,2036,1.027,1.431349,1.788,WPP
832,2037,1.03,1.435835,1.812,WPP
834,2021,4.726,4.734047,4.726,WPP
834,2022,4.661,4.671149,4.661,WPP
834,2023,4.109,4.60634,5.059,WPP
834,2024,3.959,4.540614,5.072,WPP
834,2025,3.805,4.46615,5.065,WPP
834,2026,3.658,4.406183,5.062,WPP
834,2027,3.543,4.340744,5.055,WPP
834,2028,3.417,4.276614,5.072,WPP
834,2029,3.269,4.220404,5.094,WPP
834,2030,3.146,4.161252,5.083,WPP
834,2031,3.005,4.109837,5.086,WPP
834,2032,2.928,4.038227,5.033,WPP
834,2033,2.795,3.981687,5.013,WPP
834,2034,2.691,3.936098,4.97,WPP
834,2035,2.594,3.883434,4.962,WPP
840,2024,1.475,1.62209,1.77,WPP
840,2025,1.44,1.62336,1.794,WPP
840,2026,1.424,1.624658,1.831,WPP
840,2027,1.393,1.623486,1.846,WPP
840,2028,1.371,1.62539,1.87,WPP
840,2029,1.36,1.627175,1.879,WPP
840,2030,1.345,1.629312,1.908,WPP
840,2031,1.327,1.629797,1.929,WPP
840,2032,1.323,1.631011,1.949,WPP
840,2033,1.305,1.633133,1.954,WPP
840,2034,1.298,1.631354,1.974,WPP
840,2035,1.284,1.632789,1.984,WPP
840,2036,1.269,1.635034,1.998,WPP
840,2037,1.257,1.634483,2.003,WPP
840,2038,1.25,1.635908,2.022,WPP
854,2021,4.361,4.361312,4.361,WPP
854,2022,4.275,4.274826,4.275,WPP
854,2023,3.485,4.185713,4.797,WPP
854,2024,3.252,4.109574,4.839,WPP
854,2025,3.036,4.004532,4.823,WPP
854,2026,2.859,3.914568,4.822,WPP
854,2027,2.673,3.818848,4.788,WPP
854,2028,2.487,3.733865,4.786,WPP
854,2029,2.345,3.64365,4.793,WPP
854,2030,2.24,3.570721,4.745,WPP
854,2031,2.149,3.49836,4.732,WPP
854,2032,2.053,3.429204,4.706,WPP
854,2033,1.971,3.375523,4.689,WPP
854,2034,1.94,3.308746,4.665,WPP
854,2035,1.88,3.235632,4.646,WPP
858,2024,1.142,1.397305,1.656,WPP
858,2025,1.088,1.387897,1.684,WPP
858,2026,1.039,1.382874,1.705,WPP
858,2027,1.0,1.380232,1.713,WPP
858,2028,0.96,1.379825,1.736,WPP
858,2029,0.936,1.379928,1.749,WPP
858,2030,0.924,1.383863,1.765,WPP
858,2031,0.907,1.384955,1.78,WPP
858,2032,0.883,1.387227,1.806,WPP
858,2033,0.903,1.3905,1.828,WPP
858,2034,0.879,1.393932,1.846,WPP
858,2035,0.867,1.395409,1.845,WPP
858,2036,0.869,1.397732,1.843,WPP
858,2037,0.87,1.401003,1.86,WPP
858,2038,0.855,1.404285,1.877,WPP
860,2023,3.263,3.5,3.748,WPP
860,2024,3.135,3.486236,3.877,WPP
860,2025,3.026,3.449226,3.956,WPP
860,2026,2.922,3.404129,4.0,WPP
860,2027,2.829,3.360255,4.036,WPP
860,2028,2.725,3.314288,4.047,WPP
860,2029,2.64,3.26712,4.049,WPP
860,2030,2.54,3.222642,4.031,WPP
860,2031,2.471,3.178246,3.996,WPP
860,2032,2.403,3.134899,3.996,WPP
860,2033,2.345,3.093535,3.951,WPP
860,2034,2.283,3.051759,3.937,WPP
860,2035,2.248,3.01345,3.911,WPP
860,2036,2.189,2.976752,3.897,WPP
860,2037,2.153,2.940792,3.881,WPP
862,2021,2.211,2.104797,2.211,WPP
862,2022,2.188,2.087771,2.188,WPP
862,2023,1.673,2.079327,2.518,WPP
862,2024,1.604,2.077417,2.539,WPP
862,2025,1.567,2.059949,2.561,WPP
862,2026,1.542,2.041954,2.585,WPP
862,2027,1.504,2.027789,2.602,WPP
862,2028,1.458,2.011918,2.598,WPP
862,2029,1.432,1.998314,2.607,WPP
862,2030,1.413,1.985273,2.643,WPP
862,2031,1.385,1.978078,2.662,WPP
862,2032,1.357,1.967643,2.681,WPP
862,2033,1.339,1.95626,2.645,WPP
862,2034,1.323,1.946741,2.644,WPP
862,2035,1.321,1.938143,2.653,WPP
882,2021,3.93,3.940141,3.93,WPP
882,2022,3.875,3.883465,3.875,WPP
882,2023,3.159,3.829238,4.606,WPP
882,2024,3.089,3.801102,4.592,WPP
882,2025,2.986,3.752655,4.59,WPP
882,2026,2.905,3.703978,4.594,WPP
882,2027,2.836,3.661846,4.593,WPP
882,2028,2.76,3.620446,4.583,WPP
882,2029,2.69,3.581881,4.574,WPP
882,2030,2.644,3.543344,4.574,WPP
882,2031,2.547,3.50169,4.58,WPP
882,2032,2.483,3.464,4.557,WPP
882,2033,2.436,3.425061,4.554,WPP
882,2034,2.389,3.38871,4.517,WPP
882,2035,2.302,3.349432,4.497,WPP
887,2024,3.172,4.499467,5.568,WPP
887,2025,3.041,4.412873,5.5,WPP
887,2026,2.863,4.326674,5.452,WPP
887,2027,2.716,4.234832,5.378,WPP
887,2028,2.566,4.138422,5.354,WPP
887,2029,2.48,4.058382,5.263,WPP
887,2030,2.376,3.971094,5.236,WPP
887,2031,2.245,3.87356,5.198,WPP
887,2032,2.184,3.804864,5.151,WPP
887,2033,2.133,3.732114,5.07,WPP
887,2034,2.049,3.659685,5.005,WPP
887,2035,2.024,3.58776,4.964,WPP
887,2036,1.994,3.513786,4.907,WPP
887,2037,1.96,3.439769,4.86,WPP
887,2038,1.918,3.383848,4.846,WPP
894,2018,4.536,4.491702,4.536,WPP
894,2019,4.451,4.417509,4.451,WPP
894,2020,4.379,4.32324,4.379,WPP
894,2021,4.308,4.245597,4.308,WPP
894,2022,4.242,4.174989,4.242,WPP
894,2023,3.128,4.101386,4.999,WPP
894,2024,2.978,4.03558,4.949,WPP
894,2025,2.859,3.969821,4.921,WPP
894,2026,2.73,3.91033,4.911,WPP
894,2027,2.624,3.848741,4.865,WPP
894,2028,2.484,3.772583,4.865,WPP
894,2029,2.397,3.722541,4.825,WPP
894,2030,2.305,3.666516,4.845,WPP
894,2031,2.236,3.613686,4.852,WPP
894,2032,2.175,3.55572,4.827,WPP
